against_bug;against_dark;against_dragon;against_electric;against_fairy;against_fight;against_fire;against_flying;against_ghost;against_grass;against_ground;against_ice;against_normal;against_poison;against_psychic;against_rock;against_steel;against_water;japanese_name;name;pokedex_number;sp_attack;sp_defense;speed;type1;type2;generation
1;1;1;0.5;0.5;0.5;2;2;1;0.25;1;2;1;1;2;1;1;0.5;Fushigidaneフシギダネ;Bulbasaur;1;65;65;45;grass;poison;1
1;1;1;0.5;0.5;0.5;2;2;1;0.25;1;2;1;1;2;1;1;0.5;Fushigisouフシギソウ;Ivysaur;2;80;80;60;grass;poison;1
1;1;1;0.5;0.5;0.5;2;2;1;0.25;1;2;1;1;2;1;1;0.5;Fushigibanaフシギバナ;Venusaur;3;122;120;80;grass;poison;1
0.5;1;1;1;0.5;1;0.5;1;1;0.5;2;0.5;1;1;1;2;0.5;2;Hitokageヒトカゲ;Charmander;4;60;50;65;fire;;1
0.5;1;1;1;0.5;1;0.5;1;1;0.5;2;0.5;1;1;1;2;0.5;2;Lizardoリザード;Charmeleon;5;80;65;80;fire;;1
0.25;1;1;2;0.5;0.5;0.5;1;1;0.25;0;1;1;1;1;4;0.5;2;Lizardonリザードン;Charizard;6;159;115;100;fire;flying;1
1;1;1;2;1;1;0.5;1;1;2;1;0.5;1;1;1;1;0.5;0.5;Zenigameゼニガメ;Squirtle;7;50;64;43;water;;1
1;1;1;2;1;1;0.5;1;1;2;1;0.5;1;1;1;1;0.5;0.5;Kameilカメール;Wartortle;8;65;80;58;water;;1
1;1;1;2;1;1;0.5;1;1;2;1;0.5;1;1;1;1;0.5;0.5;Kamexカメックス;Blastoise;9;135;115;78;water;;1
1;1;1;1;1;0.5;2;2;1;0.5;0.5;1;1;1;1;2;1;1;Caterpieキャタピー;Caterpie;10;20;20;45;bug;;1
1;1;1;1;1;0.5;2;2;1;0.5;0.5;1;1;1;1;2;1;1;Transelトランセル;Metapod;11;25;25;30;bug;;1
0.5;1;1;2;1;0.25;2;2;1;0.25;0;2;1;1;1;4;1;1;Butterfreeバタフリー;Butterfree;12;90;80;70;bug;flying;1
0.5;1;1;1;0.5;0.25;2;2;1;0.25;1;1;1;0.5;2;2;1;1;Beedleビードル;Weedle;13;20;20;50;bug;poison;1
0.5;1;1;1;0.5;0.25;2;2;1;0.25;1;1;1;0.5;2;2;1;1;Cocoonコクーン;Kakuna;14;25;25;35;bug;poison;1
0.5;1;1;1;0.5;0.25;2;2;1;0.25;1;1;1;0.5;2;2;1;1;Spearスピアー;Beedrill;15;15;80;145;bug;poison;1
0.5;1;1;2;1;1;1;1;0;0.5;0;2;1;1;1;2;1;1;Poppoポッポ;Pidgey;16;35;35;56;normal;flying;1
0.5;1;1;2;1;1;1;1;0;0.5;0;2;1;1;1;2;1;1;Pigeonピジョン;Pidgeotto;17;50;50;71;normal;flying;1
0.5;1;1;2;1;1;1;1;0;0.5;0;2;1;1;1;2;1;1;Pigeotピジョット;Pidgeot;18;135;80;121;normal;flying;1
1;1;1;1;1;2;1;1;0;1;1;1;1;1;1;1;1;1;Korattaコラッタ;Rattata;19;25;35;72;normal;dark;1
1;1;1;1;1;2;1;1;0;1;1;1;1;1;1;1;1;1;Rattaラッタ;Raticate;20;40;80;77;normal;dark;1
0.5;1;1;2;1;1;1;1;0;0.5;0;2;1;1;1;2;1;1;Onisuzumeオニスズメ;Spearow;21;31;31;70;normal;flying;1
0.5;1;1;2;1;1;1;1;0;0.5;0;2;1;1;1;2;1;1;Onidrillオニドリル;Fearow;22;61;61;100;normal;flying;1
0.5;1;1;1;0.5;0.5;1;1;1;0.5;2;1;1;0.5;2;1;1;1;Arboアーボ;Ekans;23;40;54;55;poison;;1
0.5;1;1;1;0.5;0.5;1;1;1;0.5;2;1;1;0.5;2;1;1;1;Arbokアーボック;Arbok;24;65;79;80;poison;;1
1;1;1;0.5;1;1;1;0.5;1;1;2;1;1;1;1;1;0.5;1;Pikachuピカチュウ;Pikachu;25;50;50;90;electric;;1
1;1;1;0.5;1;1;1;0.5;1;1;2;1;1;1;1;1;0.5;1;Raichuライチュウ;Raichu;26;95;85;110;electric;electric;1
1;1;1;0;1;1;1;1;1;2;1;2;1;0.5;1;0.5;1;2;Sandサンド;Sandshrew;27;10;35;40;ground;ice;1
1;1;1;0;1;1;1;1;1;2;1;2;1;0.5;1;0.5;1;2;Sandpanサンドパン;Sandslash;28;25;65;65;ground;ice;1
0.5;1;1;1;0.5;0.5;1;1;1;0.5;2;1;1;0.5;2;1;1;1;Nidoran?ニドラン♀;Nidoran♀;29;40;40;41;poison;;1
0.5;1;1;1;0.5;0.5;1;1;1;0.5;2;1;1;0.5;2;1;1;1;Nidorinaニドリーナ;Nidorina;30;55;55;56;poison;;1
0.5;1;1;0;0.5;0.5;1;1;1;1;2;2;1;0.25;2;0.5;1;2;Nidoqueenニドクイン;Nidoqueen;31;75;85;76;poison;ground;1
0.5;1;1;1;0.5;0.5;1;1;1;0.5;2;1;1;0.5;2;1;1;1;Nidoran?ニドラン♂;Nidoran♂;32;40;40;50;poison;;1
0.5;1;1;1;0.5;0.5;1;1;1;0.5;2;1;1;0.5;2;1;1;1;Nidorinoニドリーノ;Nidorino;33;55;55;65;poison;;1
0.5;1;1;0;0.5;0.5;1;1;1;1;2;2;1;0.25;2;0.5;1;2;Nidokingニドキング;Nidoking;34;85;75;85;poison;ground;1
0.5;0.5;0;1;1;0.5;1;1;1;1;1;1;1;2;1;1;2;1;Pippiピッピ;Clefairy;35;60;65;35;fairy;;1
0.5;0.5;0;1;1;0.5;1;1;1;1;1;1;1;2;1;1;2;1;Pixyピクシー;Clefable;36;95;90;60;fairy;;1
0.5;1;1;1;0.5;1;0.5;1;1;0.5;2;0.5;1;1;1;2;0.5;2;Rokonロコン;Vulpix;37;50;65;65;fire;ice;1
0.5;1;1;1;0.5;1;0.5;1;1;0.5;2;0.5;1;1;1;2;0.5;2;Kyukonキュウコン;Ninetales;38;81;100;109;fire;ice;1
0.5;0.5;0;1;1;1;1;1;0;1;1;1;1;2;1;1;2;1;Purinプリン;Jigglypuff;39;45;25;20;normal;fairy;1
0.5;0.5;0;1;1;1;1;1;0;1;1;1;1;2;1;1;2;1;Pukurinプクリン;Wigglytuff;40;85;50;45;normal;fairy;1
0.25;1;1;2;0.5;0.25;1;1;1;0.25;0;2;1;0.5;2;2;1;1;Zubatズバット;Zubat;41;30;40;55;poison;flying;1
0.25;1;1;2;0.5;0.25;1;1;1;0.25;0;2;1;0.5;2;2;1;1;Golbatゴルバット;Golbat;42;65;75;90;poison;flying;1
1;1;1;0.5;0.5;0.5;2;2;1;0.25;1;2;1;1;2;1;1;0.5;Nazonokusaナゾノクサ;Oddish;43;75;65;30;grass;poison;1
1;1;1;0.5;0.5;0.5;2;2;1;0.25;1;2;1;1;2;1;1;0.5;Kusaihanaクサイハナ;Gloom;44;85;75;40;grass;poison;1
1;1;1;0.5;0.5;0.5;2;2;1;0.25;1;2;1;1;2;1;1;0.5;Ruffresiaラフレシア;Vileplume;45;110;90;50;grass;poison;1
2;1;1;0.5;1;0.5;4;4;1;0.25;0.25;2;1;2;1;2;1;0.5;Parasパラス;Paras;46;45;55;25;bug;grass;1
2;1;1;0.5;1;0.5;4;4;1;0.25;0.25;2;1;2;1;2;1;0.5;Parasectパラセクト;Parasect;47;60;80;30;bug;grass;1
0.5;1;1;1;0.5;0.25;2;2;1;0.25;1;1;1;0.5;2;2;1;1;Kongpangコンパン;Venonat;48;40;55;45;bug;poison;1
0.5;1;1;1;0.5;0.25;2;2;1;0.25;1;1;1;0.5;2;2;1;1;Morphonモルフォン;Venomoth;49;90;75;90;bug;poison;1
1;1;1;0;1;1;1;1;1;2;1;2;1;0.5;1;0.5;1;2;Digdaディグダ;Diglett;50;35;45;90;ground;ground;1
1;1;1;0;1;1;1;1;1;2;1;2;1;0.5;1;0.5;1;2;Dugtrioダグトリオ;Dugtrio;51;50;70;110;ground;ground;1
1;1;1;1;1;2;1;1;0;1;1;1;1;1;1;1;1;1;Nyarthニャース;Meowth;52;50;40;90;normal;dark;1
1;1;1;1;1;2;1;1;0;1;1;1;1;1;1;1;1;1;Persianペルシアン;Persian;53;75;65;115;normal;dark;1
1;1;1;2;1;1;0.5;1;1;2;1;0.5;1;1;1;1;0.5;0.5;Koduckコダック;Psyduck;54;65;50;55;water;;1
1;1;1;2;1;1;0.5;1;1;2;1;0.5;1;1;1;1;0.5;0.5;Golduckゴルダック;Golduck;55;95;80;85;water;;1
0.5;0.5;1;1;2;1;1;2;1;1;1;1;1;1;2;0.5;1;1;Mankeyマンキー;Mankey;56;35;45;70;fighting;;1
0.5;0.5;1;1;2;1;1;2;1;1;1;1;1;1;2;0.5;1;1;Okorizaruオコリザル;Primeape;57;60;70;95;fighting;;1
0.5;1;1;1;0.5;1;0.5;1;1;0.5;2;0.5;1;1;1;2;0.5;2;Gardieガーディ;Growlithe;58;70;50;60;fire;;1
0.5;1;1;1;0.5;1;0.5;1;1;0.5;2;0.5;1;1;1;2;0.5;2;Windieウインディ;Arcanine;59;100;80;95;fire;;1
1;1;1;2;1;1;0.5;1;1;2;1;0.5;1;1;1;1;0.5;0.5;Nyoromoニョロモ;Poliwag;60;40;40;90;water;;1
1;1;1;2;1;1;0.5;1;1;2;1;0.5;1;1;1;1;0.5;0.5;Nyorozoニョロゾ;Poliwhirl;61;50;50;90;water;;1
0.5;0.5;1;2;2;1;0.5;2;1;2;1;0.5;1;1;2;0.5;0.5;0.5;Nyorobonニョロボン;Poliwrath;62;70;90;70;water;fighting;1
2;2;1;1;1;0.5;1;1;2;1;1;1;1;1;0.5;1;1;1;Caseyケーシィ;Abra;63;105;55;90;psychic;;1
2;2;1;1;1;0.5;1;1;2;1;1;1;1;1;0.5;1;1;1;Yungererユンゲラー;Kadabra;64;120;70;105;psychic;;1
2;2;1;1;1;0.5;1;1;2;1;1;1;1;1;0.5;1;1;1;Foodinフーディン;Alakazam;65;175;105;150;psychic;;1
0.5;0.5;1;1;2;1;1;2;1;1;1;1;1;1;2;0.5;1;1;Wanrikyワンリキー;Machop;66;35;35;35;fighting;;1
0.5;0.5;1;1;2;1;1;2;1;1;1;1;1;1;2;0.5;1;1;Gorikyゴーリキー;Machoke;67;50;60;45;fighting;;1
0.5;0.5;1;1;2;1;1;2;1;1;1;1;1;1;2;0.5;1;1;Kairikyカイリキー;Machamp;68;65;85;55;fighting;;1
1;1;1;0.5;0.5;0.5;2;2;1;0.25;1;2;1;1;2;1;1;0.5;Madatsubomiマダツボミ;Bellsprout;69;70;30;40;grass;poison;1
1;1;1;0.5;0.5;0.5;2;2;1;0.25;1;2;1;1;2;1;1;0.5;Utsudonウツドン;Weepinbell;70;85;45;55;grass;poison;1
1;1;1;0.5;0.5;0.5;2;2;1;0.25;1;2;1;1;2;1;1;0.5;Utsubotウツボット;Victreebel;71;100;70;70;grass;poison;1
0.5;1;1;2;0.5;0.5;0.5;1;1;1;2;0.5;1;0.5;2;1;0.5;0.5;Menokurageメノクラゲ;Tentacool;72;50;100;70;water;poison;1
0.5;1;1;2;0.5;0.5;0.5;1;1;1;2;0.5;1;0.5;2;1;0.5;0.5;Dokukurageドククラゲ;Tentacruel;73;80;120;100;water;poison;1
1;1;1;0;1;2;0.5;0.5;1;4;2;2;0.5;0.25;1;0.5;2;4;Isitsubuteイシツブテ;Geodude;74;30;30;20;rock;ground;1
1;1;1;0;1;2;0.5;0.5;1;4;2;2;0.5;0.25;1;0.5;2;4;Goloneゴローン;Graveler;75;45;45;35;rock;ground;1
1;1;1;0;1;2;0.5;0.5;1;4;2;2;0.5;0.25;1;0.5;2;4;Golonyaゴローニャ;Golem;76;55;65;45;rock;ground;1
0.5;1;1;1;0.5;1;0.5;1;1;0.5;2;0.5;1;1;1;2;0.5;2;Ponytaポニータ;Ponyta;77;65;65;90;fire;;1
0.5;1;1;1;0.5;1;0.5;1;1;0.5;2;0.5;1;1;1;2;0.5;2;Gallopギャロップ;Rapidash;78;80;80;105;fire;;1
2;2;1;2;1;0.5;0.5;1;2;2;1;0.5;1;1;0.5;1;0.5;0.5;Yadonヤドン;Slowpoke;79;40;40;15;water;psychic;1
2;2;1;2;1;0.5;0.5;1;2;2;1;0.5;1;1;0.5;1;0.5;0.5;Yadoranヤドラン;Slowbro;80;130;80;30;water;psychic;1
0.5;1;0.5;0.5;0.5;2;2;0.25;1;0.5;4;0.5;0.5;0;0.5;0.5;0.25;1;Coilコイル;Magnemite;81;95;55;45;electric;steel;1
0.5;1;0.5;0.5;0.5;2;2;0.25;1;0.5;4;0.5;0.5;0;0.5;0.5;0.25;1;Rarecoilレアコイル;Magneton;82;120;70;70;electric;steel;1
0.5;1;1;2;1;1;1;1;0;0.5;0;2;1;1;1;2;1;1;Kamonegiカモネギ;Farfetch'd;83;58;62;60;normal;flying;1
0.5;1;1;2;1;1;1;1;0;0.5;0;2;1;1;1;2;1;1;Dodoドードー;Doduo;84;35;35;75;normal;flying;1
0.5;1;1;2;1;1;1;1;0;0.5;0;2;1;1;1;2;1;1;Dodorioドードリオ;Dodrio;85;60;60;110;normal;flying;1
1;1;1;2;1;1;0.5;1;1;2;1;0.5;1;1;1;1;0.5;0.5;Pawouパウワウ;Seel;86;45;70;45;water;;1
1;1;1;2;1;2;1;1;1;2;1;0.25;1;1;1;2;1;0.5;Jugonジュゴン;Dewgong;87;70;95;70;water;ice;1
0.5;1;1;1;0.5;0.5;1;1;1;0.5;2;1;1;0.5;2;1;1;1;Betbeterベトベター;Grimer;88;40;50;25;poison;poison;1
0.5;1;1;1;0.5;0.5;1;1;1;0.5;2;1;1;0.5;2;1;1;1;Betbetonベトベトン;Muk;89;65;100;50;poison;poison;1
1;1;1;2;1;1;0.5;1;1;2;1;0.5;1;1;1;1;0.5;0.5;Shellderシェルダー;Shellder;90;45;25;40;water;;1
1;1;1;2;1;2;1;1;1;2;1;0.25;1;1;1;2;1;0.5;Parshenパルシェン;Cloyster;91;85;45;70;water;ice;1
0.25;2;1;1;0.5;0;1;1;2;0.5;2;1;0;0.25;2;1;1;1;Ghosゴース;Gastly;92;100;35;80;ghost;poison;1
0.25;2;1;1;0.5;0;1;1;2;0.5;2;1;0;0.25;2;1;1;1;Ghostゴースト;Haunter;93;115;55;95;ghost;poison;1
0.25;2;1;1;0.5;0;1;1;2;0.5;2;1;0;0.25;2;1;1;1;Gangarゲンガー;Gengar;94;170;95;130;ghost;poison;1
1;1;1;0;1;2;0.5;0.5;1;4;2;2;0.5;0.25;1;0.5;2;4;Iwarkイワーク;Onix;95;30;45;70;rock;ground;1
2;2;1;1;1;0.5;1;1;2;1;1;1;1;1;0.5;1;1;1;Sleepeスリープ;Drowzee;96;43;90;42;psychic;;1
2;2;1;1;1;0.5;1;1;2;1;1;1;1;1;0.5;1;1;1;Sleeperスリーパー;Hypno;97;73;115;67;psychic;;1
1;1;1;2;1;1;0.5;1;1;2;1;0.5;1;1;1;1;0.5;0.5;Crabクラブ;Krabby;98;25;25;50;water;;1
1;1;1;2;1;1;0.5;1;1;2;1;0.5;1;1;1;1;0.5;0.5;Kinglerキングラー;Kingler;99;50;50;75;water;;1
1;1;1;0.5;1;1;1;0.5;1;1;2;1;1;1;1;1;0.5;1;Biriridamaビリリダマ;Voltorb;100;55;55;100;electric;;1
1;1;1;0.5;1;1;1;0.5;1;1;2;1;1;1;1;1;0.5;1;Marumineマルマイン;Electrode;101;80;80;150;electric;;1
4;2;1;0.5;1;0.5;2;2;2;0.5;0.5;2;1;2;0.5;1;1;0.5;Tamatamaタマタマ;Exeggcute;102;60;45;40;grass;psychic;1
4;2;1;0.5;1;0.5;2;2;2;0.5;0.5;2;1;2;0.5;1;1;0.5;Nassyナッシー;Exeggutor;103;125;75;45;grass;psychic;1
1;1;1;0;1;1;1;1;1;2;1;2;1;0.5;1;0.5;1;2;Karakaraカラカラ;Cubone;104;40;50;35;ground;;1
1;1;1;0;1;1;1;1;1;2;1;2;1;0.5;1;0.5;1;2;Garagaraガラガラ;Marowak;105;50;80;45;ground;fire;1
0.5;0.5;1;1;2;1;1;2;1;1;1;1;1;1;2;0.5;1;1;Sawamularサワムラー;Hitmonlee;106;35;110;87;fighting;;1
0.5;0.5;1;1;2;1;1;2;1;1;1;1;1;1;2;0.5;1;1;Ebiwalarエビワラー;Hitmonchan;107;35;110;76;fighting;;1
1;1;1;1;1;2;1;1;0;1;1;1;1;1;1;1;1;1;Beroringaベロリンガ;Lickitung;108;60;75;30;normal;;1
0.5;1;1;1;0.5;0.5;1;1;1;0.5;2;1;1;0.5;2;1;1;1;Dogarsドガース;Koffing;109;60;45;35;poison;;1
0.5;1;1;1;0.5;0.5;1;1;1;0.5;2;1;1;0.5;2;1;1;1;Matadogasマタドガス;Weezing;110;85;70;60;poison;;1
1;1;1;0;1;2;0.5;0.5;1;4;2;2;0.5;0.25;1;0.5;2;4;Sihornサイホーン;Rhyhorn;111;30;30;25;ground;rock;1
1;1;1;0;1;2;0.5;0.5;1;4;2;2;0.5;0.25;1;0.5;2;4;Sidonサイドン;Rhydon;112;45;45;40;ground;rock;1
1;1;1;1;1;2;1;1;0;1;1;1;1;1;1;1;1;1;Luckyラッキー;Chansey;113;35;105;50;normal;;1
2;1;1;0.5;1;1;2;2;1;0.5;0.5;2;1;2;1;1;1;0.5;Monjaraモンジャラ;Tangela;114;100;40;60;grass;;1
1;1;1;1;1;2;1;1;0;1;1;1;1;1;1;1;1;1;Garuraガルーラ;Kangaskhan;115;60;100;100;normal;;1
1;1;1;2;1;1;0.5;1;1;2;1;0.5;1;1;1;1;0.5;0.5;Tattuタッツー;Horsea;116;70;25;60;water;;1
1;1;1;2;1;1;0.5;1;1;2;1;0.5;1;1;1;1;0.5;0.5;Seadraシードラ;Seadra;117;95;45;85;water;;1
1;1;1;2;1;1;0.5;1;1;2;1;0.5;1;1;1;1;0.5;0.5;Tosakintoトサキント;Goldeen;118;35;50;63;water;;1
1;1;1;2;1;1;0.5;1;1;2;1;0.5;1;1;1;1;0.5;0.5;Azumaoアズマオウ;Seaking;119;65;80;68;water;;1
1;1;1;2;1;1;0.5;1;1;2;1;0.5;1;1;1;1;0.5;0.5;Hitodemanヒトデマン;Staryu;120;70;55;85;water;;1
2;2;1;2;1;0.5;0.5;1;2;2;1;0.5;1;1;0.5;1;0.5;0.5;Starmieスターミー;Starmie;121;100;85;115;water;psychic;1
1;1;0;1;1;0.25;1;1;2;1;1;1;1;2;0.5;1;2;1;Barrierdバリヤード;Mr. Mime;122;100;120;90;psychic;fairy;1
0.5;1;1;2;1;0.25;2;2;1;0.25;0;2;1;1;1;4;1;1;Strikeストライク;Scyther;123;55;80;105;bug;flying;1
2;2;1;1;1;1;2;1;2;1;1;0.5;1;1;0.5;2;2;1;Rougelaルージュラ;Jynx;124;115;95;95;ice;psychic;1
1;1;1;0.5;1;1;1;0.5;1;1;2;1;1;1;1;1;0.5;1;Elebooエレブー;Electabuzz;125;95;85;105;electric;;1
0.5;1;1;1;0.5;1;0.5;1;1;0.5;2;0.5;1;1;1;2;0.5;2;Booberブーバー;Magmar;126;100;85;93;fire;;1
1;1;1;1;1;0.5;2;2;1;0.5;0.5;1;1;1;1;2;1;1;Kailiosカイロス;Pinsir;127;65;90;105;bug;;1
1;1;1;1;1;2;1;1;0;1;1;1;1;1;1;1;1;1;Kentaurosケンタロス;Tauros;128;40;70;110;normal;;1
1;1;1;2;1;1;0.5;1;1;2;1;0.5;1;1;1;1;0.5;0.5;Koikingコイキング;Magikarp;129;15;20;80;water;;1
0.5;1;1;4;1;0.5;0.5;1;1;1;0;1;1;1;1;2;0.5;0.5;Gyaradosギャラドス;Gyarados;130;70;130;81;water;flying;1
1;1;1;2;1;2;1;1;1;2;1;0.25;1;1;1;2;1;0.5;Laplaceラプラス;Lapras;131;85;95;60;water;ice;1
1;1;1;1;1;2;1;1;0;1;1;1;1;1;1;1;1;1;Metamonメタモン;Ditto;132;48;48;48;normal;;1
1;1;1;1;1;2;1;1;0;1;1;1;1;1;1;1;1;1;Eievuiイーブイ;Eevee;133;45;65;55;normal;;1
1;1;1;2;1;1;0.5;1;1;2;1;0.5;1;1;1;1;0.5;0.5;Showersシャワーズ;Vaporeon;134;110;95;65;water;;1
1;1;1;0.5;1;1;1;0.5;1;1;2;1;1;1;1;1;0.5;1;Thundersサンダース;Jolteon;135;110;95;130;electric;;1
0.5;1;1;1;0.5;1;0.5;1;1;0.5;2;0.5;1;1;1;2;0.5;2;Boosterブースター;Flareon;136;95;110;65;fire;;1
1;1;1;1;1;2;1;1;0;1;1;1;1;1;1;1;1;1;Porygonポリゴン;Porygon;137;85;75;40;normal;;1
1;1;1;2;1;2;0.25;0.5;1;4;2;0.5;0.5;0.5;1;1;1;1;Omniteオムナイト;Omanyte;138;90;55;35;rock;water;1
1;1;1;2;1;2;0.25;0.5;1;4;2;0.5;0.5;0.5;1;1;1;1;Omstarオムスター;Omastar;139;115;70;55;rock;water;1
1;1;1;2;1;2;0.25;0.5;1;4;2;0.5;0.5;0.5;1;1;1;1;Kabutoカブト;Kabuto;140;55;45;55;rock;water;1
1;1;1;2;1;2;0.25;0.5;1;4;2;0.5;0.5;0.5;1;1;1;1;Kabutopsカブトプス;Kabutops;141;65;70;80;rock;water;1
0.5;1;1;2;1;1;0.5;0.5;1;1;0;2;0.5;0.5;1;2;2;2;Pteraプテラ;Aerodactyl;142;70;95;150;rock;flying;1
1;1;1;1;1;2;1;1;0;1;1;1;1;1;1;1;1;1;Kabigonカビゴン;Snorlax;143;65;110;30;normal;;1
0.5;1;1;2;1;1;2;1;1;0.5;0;1;1;1;1;4;2;1;Freezerフリーザー;Articuno;144;95;125;85;ice;flying;1
0.5;1;1;1;1;0.5;1;0.5;1;0.5;0;2;1;1;1;2;0.5;1;Thunderサンダー;Zapdos;145;125;90;100;electric;flying;1
0.25;1;1;2;0.5;0.5;0.5;1;1;0.25;0;1;1;1;1;4;0.5;2;Fireファイヤー;Moltres;146;125;85;90;fire;flying;1
1;1;2;0.5;2;1;0.5;1;1;0.5;1;2;1;1;1;1;1;0.5;Miniryuミニリュウ;Dratini;147;50;50;50;dragon;;1
1;1;2;0.5;2;1;0.5;1;1;0.5;1;2;1;1;1;1;1;0.5;Hakuryuハクリュー;Dragonair;148;70;70;70;dragon;;1
0.5;1;2;1;2;0.5;0.5;1;1;0.25;0;4;1;1;1;2;1;0.5;Kairyuカイリュー;Dragonite;149;100;100;80;dragon;flying;1
2;2;1;1;1;0.5;1;1;2;1;1;1;1;1;0.5;1;1;1;Mewtwoミュウツー;Mewtwo;150;194;120;140;psychic;;1
2;2;1;1;1;0.5;1;1;2;1;1;1;1;1;0.5;1;1;1;Mewミュウ;Mew;151;100;100;100;psychic;;1
2;1;1;0.5;1;1;2;2;1;0.5;0.5;2;1;2;1;1;1;0.5;Chicoritaチコリータ;Chikorita;152;49;65;45;grass;;2
2;1;1;0.5;1;1;2;2;1;0.5;0.5;2;1;2;1;1;1;0.5;Bayleafベイリーフ;Bayleef;153;63;80;60;grass;;2
2;1;1;0.5;1;1;2;2;1;0.5;0.5;2;1;2;1;1;1;0.5;Meganiumメガニウム;Meganium;154;83;100;80;grass;;2
0.5;1;1;1;0.5;1;0.5;1;1;0.5;2;0.5;1;1;1;2;0.5;2;Hinoarashiヒノアラシ;Cyndaquil;155;60;50;65;fire;;2
0.5;1;1;1;0.5;1;0.5;1;1;0.5;2;0.5;1;1;1;2;0.5;2;Magmarashiマグマラシ;Quilava;156;80;65;80;fire;;2
0.5;1;1;1;0.5;1;0.5;1;1;0.5;2;0.5;1;1;1;2;0.5;2;Bakphoonバクフーン;Typhlosion;157;109;85;100;fire;;2
1;1;1;2;1;1;0.5;1;1;2;1;0.5;1;1;1;1;0.5;0.5;Waninokoワニノコ;Totodile;158;44;48;43;water;;2
1;1;1;2;1;1;0.5;1;1;2;1;0.5;1;1;1;1;0.5;0.5;Alligatesアリゲイツ;Croconaw;159;59;63;58;water;;2
1;1;1;2;1;1;0.5;1;1;2;1;0.5;1;1;1;1;0.5;0.5;Ordileオーダイル;Feraligatr;160;79;83;78;water;;2
1;1;1;1;1;2;1;1;0;1;1;1;1;1;1;1;1;1;Otachiオタチ;Sentret;161;35;45;20;normal;;2
1;1;1;1;1;2;1;1;0;1;1;1;1;1;1;1;1;1;Ootachiオオタチ;Furret;162;45;55;90;normal;;2
0.5;1;1;2;1;1;1;1;0;0.5;0;2;1;1;1;2;1;1;Hohoホーホー;Hoothoot;163;36;56;50;normal;flying;2
0.5;1;1;2;1;1;1;1;0;0.5;0;2;1;1;1;2;1;1;Yorunozukuヨルノズク;Noctowl;164;86;96;70;normal;flying;2
0.5;1;1;2;1;0.25;2;2;1;0.25;0;2;1;1;1;4;1;1;Redibaレディバ;Ledyba;165;40;80;55;bug;flying;2
0.5;1;1;2;1;0.25;2;2;1;0.25;0;2;1;1;1;4;1;1;Redianレディアン;Ledian;166;55;110;85;bug;flying;2
0.5;1;1;1;0.5;0.25;2;2;1;0.25;1;1;1;0.5;2;2;1;1;Itomaruイトマル;Spinarak;167;40;40;30;bug;poison;2
0.5;1;1;1;0.5;0.25;2;2;1;0.25;1;1;1;0.5;2;2;1;1;Ariadosアリアドス;Ariados;168;60;70;40;bug;poison;2
0.25;1;1;2;0.5;0.25;1;1;1;0.25;0;2;1;0.5;2;2;1;1;Crobatクロバット;Crobat;169;70;80;130;poison;flying;2
1;1;1;1;1;1;0.5;0.5;1;2;2;0.5;1;1;1;1;0.25;0.5;Chonchieチョンチー;Chinchou;170;56;56;67;water;electric;2
1;1;1;1;1;1;0.5;0.5;1;2;2;0.5;1;1;1;1;0.25;0.5;Lanternランターン;Lanturn;171;76;76;67;water;electric;2
1;1;1;0.5;1;1;1;0.5;1;1;2;1;1;1;1;1;0.5;1;Pichuピチュー;Pichu;172;35;35;60;electric;;2
0.5;0.5;0;1;1;0.5;1;1;1;1;1;1;1;2;1;1;2;1;Pyピィ;Cleffa;173;45;55;15;fairy;;2
0.5;0.5;0;1;1;1;1;1;0;1;1;1;1;2;1;1;2;1;Pupurinププリン;Igglybuff;174;40;20;15;normal;fairy;2
0.5;0.5;0;1;1;0.5;1;1;1;1;1;1;1;2;1;1;2;1;Togepyトゲピー;Togepi;175;40;65;20;fairy;;2
0.25;0.5;0;2;1;0.25;1;1;1;0.5;0;2;1;2;1;2;2;1;Togechickトゲチック;Togetic;176;80;105;40;fairy;flying;2
1;2;1;2;1;0.25;1;1;2;0.5;0;2;1;1;0.5;2;1;1;Natyネイティ;Natu;177;70;45;70;psychic;flying;2
1;2;1;2;1;0.25;1;1;2;0.5;0;2;1;1;0.5;2;1;1;Natioネイティオ;Xatu;178;95;70;95;psychic;flying;2
1;1;1;0.5;1;1;1;0.5;1;1;2;1;1;1;1;1;0.5;1;Merriepメリープ;Mareep;179;65;45;35;electric;;2
1;1;1;0.5;1;1;1;0.5;1;1;2;1;1;1;1;1;0.5;1;Mokokoモココ;Flaaffy;180;80;60;45;electric;;2
1;1;1;0.5;1;1;1;0.5;1;1;2;1;1;1;1;1;0.5;1;Denryuデンリュウ;Ampharos;181;165;110;45;electric;;2
2;1;1;0.5;1;1;2;2;1;0.5;0.5;2;1;2;1;1;1;0.5;Kireihanaキレイハナ;Bellossom;182;90;100;50;grass;;2
0.5;0.5;0;2;1;0.5;0.5;1;1;2;1;0.5;1;2;1;1;1;0.5;Marilマリル;Marill;183;20;50;40;water;fairy;2
0.5;0.5;0;2;1;0.5;0.5;1;1;2;1;0.5;1;2;1;1;1;0.5;Marilliマリルリ;Azumarill;184;60;80;50;water;fairy;2
1;1;1;1;1;2;0.5;0.5;1;2;2;1;0.5;0.5;1;1;2;2;Usokkieウソッキー;Sudowoodo;185;30;65;30;rock;;2
1;1;1;2;1;1;0.5;1;1;2;1;0.5;1;1;1;1;0.5;0.5;Nyorotonoニョロトノ;Politoed;186;90;100;70;water;;2
1;1;1;1;1;0.5;2;2;1;0.25;0;4;1;2;1;2;1;0.5;Haneccoハネッコ;Hoppip;187;35;55;50;grass;flying;2
1;1;1;1;1;0.5;2;2;1;0.25;0;4;1;2;1;2;1;0.5;Popoccoポポッコ;Skiploom;188;45;65;80;grass;flying;2
1;1;1;1;1;0.5;2;2;1;0.25;0;4;1;2;1;2;1;0.5;Wataccoワタッコ;Jumpluff;189;55;95;110;grass;flying;2
1;1;1;1;1;2;1;1;0;1;1;1;1;1;1;1;1;1;Eipamエイパム;Aipom;190;40;55;85;normal;;2
2;1;1;0.5;1;1;2;2;1;0.5;0.5;2;1;2;1;1;1;0.5;Himanutsヒマナッツ;Sunkern;191;30;30;30;grass;;2
2;1;1;0.5;1;1;2;2;1;0.5;0.5;2;1;2;1;1;1;0.5;Kimawariキマワリ;Sunflora;192;105;85;30;grass;;2
0.5;1;1;2;1;0.25;2;2;1;0.25;0;2;1;1;1;4;1;1;Yanyanmaヤンヤンマ;Yanma;193;75;45;95;bug;flying;2
1;1;1;0;1;1;0.5;1;1;4;1;1;1;0.5;1;0.5;0.5;1;Upahウパー;Wooper;194;25;25;15;water;ground;2
1;1;1;0;1;1;0.5;1;1;4;1;1;1;0.5;1;0.5;0.5;1;Nuohヌオー;Quagsire;195;65;65;35;water;ground;2
2;2;1;1;1;0.5;1;1;2;1;1;1;1;1;0.5;1;1;1;Eifieエーフィ;Espeon;196;130;95;110;psychic;;2
2;0.5;1;1;2;2;1;1;0.5;1;1;1;1;1;0;1;1;1;Blackyブラッキー;Umbreon;197;60;130;65;dark;;2
1;0.5;1;2;2;1;1;1;0.5;0.5;0;2;1;1;0;2;1;1;Yamikarasuヤミカラス;Murkrow;198;85;42;91;dark;flying;2
2;2;1;2;1;0.5;0.5;1;2;2;1;0.5;1;1;0.5;1;0.5;0.5;Yadokingヤドキング;Slowking;199;100;110;30;water;psychic;2
0.5;2;1;1;1;0;1;1;2;1;1;1;0;0.5;1;1;1;1;Mumaムウマ;Misdreavus;200;85;85;85;ghost;;2
2;2;1;1;1;0.5;1;1;2;1;1;1;1;1;0.5;1;1;1;Unknownアンノーン;Unown;201;72;48;48;psychic;;2
2;2;1;1;1;0.5;1;1;2;1;1;1;1;1;0.5;1;1;1;Sonansソーナンス;Wobbuffet;202;33;58;33;psychic;;2
2;2;1;1;1;1;1;1;0;1;1;1;1;1;0.5;1;1;1;Kirinrikiキリンリキ;Girafarig;203;90;65;85;normal;psychic;2
1;1;1;1;1;0.5;2;2;1;0.5;0.5;1;1;1;1;2;1;1;Kunugidamaクヌギダマ;Pineco;204;35;35;15;bug;;2
0.5;1;0.5;1;0.5;1;4;1;1;0.25;1;0.5;0.5;0;0.5;1;0.5;1;Foretosフォレトス;Forretress;205;60;60;40;bug;steel;2
1;1;1;1;1;2;1;1;0;1;1;1;1;1;1;1;1;1;Nokocchiノコッチ;Dunsparce;206;65;65;45;normal;;2
0.5;1;1;0;1;0.5;1;1;1;1;0;4;1;0.5;1;1;1;2;Gligerグライガー;Gligar;207;35;65;85;ground;flying;2
0.5;1;0.5;0;0.5;2;2;0.5;1;1;2;1;0.5;0;0.5;0.25;0.5;2;Haganeilハガネール;Steelix;208;55;95;30;steel;ground;2
0.5;0.5;0;1;1;0.5;1;1;1;1;1;1;1;2;1;1;2;1;Buluブルー;Snubbull;209;40;40;30;fairy;;2
0.5;0.5;0;1;1;0.5;1;1;1;1;1;1;1;2;1;1;2;1;Granbuluグランブル;Granbull;210;60;60;45;fairy;;2
0.5;1;1;2;0.5;0.5;0.5;1;1;1;2;0.5;1;0.5;2;1;0.5;0.5;Harysenハリーセン;Qwilfish;211;55;55;85;water;poison;2
0.5;1;0.5;1;0.5;1;4;1;1;0.25;1;0.5;0.5;0;0.5;1;0.5;1;Hassamハッサム;Scizor;212;65;100;75;bug;steel;2
1;1;1;1;1;1;1;1;1;1;1;1;0.5;0.5;1;2;2;2;Tsubotsuboツボツボ;Shuckle;213;10;230;5;bug;rock;2
0.5;0.5;1;1;2;0.5;2;4;1;0.5;0.5;1;1;1;2;1;1;1;Heracrosヘラクロス;Heracross;214;40;105;75;bug;fighting;2
2;0.5;1;1;2;4;2;1;0.5;1;1;0.5;1;1;0;2;2;1;Nyulaニューラ;Sneasel;215;35;75;115;dark;ice;2
1;1;1;1;1;2;1;1;0;1;1;1;1;1;1;1;1;1;Himegumaヒメグマ;Teddiursa;216;50;50;40;normal;;2
1;1;1;1;1;2;1;1;0;1;1;1;1;1;1;1;1;1;Ringumaリングマ;Ursaring;217;75;75;55;normal;;2
0.5;1;1;1;0.5;1;0.5;1;1;0.5;2;0.5;1;1;1;2;0.5;2;Magmagマグマッグ;Slugma;218;70;40;20;fire;;2
0.5;1;1;1;0.5;2;0.25;0.5;1;1;4;0.5;0.5;0.5;1;2;1;4;Magcargotマグカルゴ;Magcargo;219;90;80;30;fire;rock;2
1;1;1;0;1;2;2;1;1;2;1;1;1;0.5;1;1;2;2;Urimooウリムー;Swinub;220;30;30;50;ice;ground;2
1;1;1;0;1;2;2;1;1;2;1;1;1;0.5;1;1;2;2;Inomooイノムー;Piloswine;221;60;60;50;ice;ground;2
1;1;1;2;1;2;0.25;0.5;1;4;2;0.5;0.5;0.5;1;1;1;1;Sunnygoサニーゴ;Corsola;222;65;95;35;water;rock;2
1;1;1;2;1;1;0.5;1;1;2;1;0.5;1;1;1;1;0.5;0.5;Teppouoテッポウオ;Remoraid;223;65;35;65;water;;2
1;1;1;2;1;1;0.5;1;1;2;1;0.5;1;1;1;1;0.5;0.5;Okutankオクタン;Octillery;224;105;75;45;water;;2
0.5;1;1;2;1;1;2;1;1;0.5;0;1;1;1;1;4;2;1;Delibirdデリバード;Delibird;225;65;45;75;ice;flying;2
0.5;1;1;4;1;0.5;0.5;1;1;1;0;1;1;1;1;2;0.5;0.5;Mantainマンタイン;Mantine;226;80;140;70;water;flying;2
0.25;1;0.5;2;0.5;1;2;0.5;1;0.25;0;1;0.5;0;0.5;1;0.5;1;Airmdエアームド;Skarmory;227;40;70;70;steel;flying;2
1;0.5;1;1;1;2;0.5;1;0.5;0.5;2;0.5;1;1;0;2;0.5;2;Delvilデルビル;Houndour;228;80;50;65;dark;fire;2
1;0.5;1;1;1;2;0.5;1;0.5;0.5;2;0.5;1;1;0;2;0.5;2;Hellgarヘルガー;Houndoom;229;140;90;115;dark;fire;2
1;1;2;1;2;1;0.25;1;1;1;1;1;1;1;1;1;0.5;0.25;Kingdraキングドラ;Kingdra;230;95;95;85;water;dragon;2
1;1;1;0;1;1;1;1;1;2;1;2;1;0.5;1;0.5;1;2;Gomazouゴマゾウ;Phanpy;231;40;40;40;ground;;2
1;1;1;0;1;1;1;1;1;2;1;2;1;0.5;1;0.5;1;2;Donfanドンファン;Donphan;232;60;60;50;ground;;2
1;1;1;1;1;2;1;1;0;1;1;1;1;1;1;1;1;1;Porygon2ポリゴン２;Porygon2;233;105;95;60;normal;;2
1;1;1;1;1;2;1;1;0;1;1;1;1;1;1;1;1;1;Odoshishiオドシシ;Stantler;234;85;65;85;normal;;2
1;1;1;1;1;2;1;1;0;1;1;1;1;1;1;1;1;1;Dobleドーブル;Smeargle;235;20;45;75;normal;;2
0.5;0.5;1;1;2;1;1;2;1;1;1;1;1;1;2;0.5;1;1;Balkieバルキー;Tyrogue;236;35;35;35;fighting;;2
0.5;0.5;1;1;2;1;1;2;1;1;1;1;1;1;2;0.5;1;1;Kapoererカポエラー;Hitmontop;237;35;110;70;fighting;;2
2;2;1;1;1;1;2;1;2;1;1;0.5;1;1;0.5;2;2;1;Muchulムチュール;Smoochum;238;85;65;65;ice;psychic;2
1;1;1;0.5;1;1;1;0.5;1;1;2;1;1;1;1;1;0.5;1;Elekidエレキッド;Elekid;239;65;55;95;electric;;2
0.5;1;1;1;0.5;1;0.5;1;1;0.5;2;0.5;1;1;1;2;0.5;2;Bubyブビィ;Magby;240;70;55;83;fire;;2
1;1;1;1;1;2;1;1;0;1;1;1;1;1;1;1;1;1;Miltankミルタンク;Miltank;241;40;70;100;normal;;2
1;1;1;1;1;2;1;1;0;1;1;1;1;1;1;1;1;1;Happinasハピナス;Blissey;242;75;135;55;normal;;2
1;1;1;0.5;1;1;1;0.5;1;1;2;1;1;1;1;1;0.5;1;Raikouライコウ;Raikou;243;115;100;115;electric;;2
0.5;1;1;1;0.5;1;0.5;1;1;0.5;2;0.5;1;1;1;2;0.5;2;Enteiエンテイ;Entei;244;90;75;100;fire;;2
1;1;1;2;1;1;0.5;1;1;2;1;0.5;1;1;1;1;0.5;0.5;Suicuneスイクン;Suicune;245;90;115;85;water;;2
1;1;1;0;1;2;0.5;0.5;1;4;2;2;0.5;0.25;1;0.5;2;4;Yogirasヨーギラス;Larvitar;246;45;50;41;rock;ground;2
1;1;1;0;1;2;0.5;0.5;1;4;2;2;0.5;0.25;1;0.5;2;4;Sanagirasサナギラス;Pupitar;247;65;70;51;rock;ground;2
2;0.5;1;1;2;4;0.5;0.5;0.5;2;2;1;0.5;0.5;0;1;2;2;Bangirasバンギラス;Tyranitar;248;95;120;71;rock;dark;2
1;2;1;2;1;0.25;1;1;2;0.5;0;2;1;1;0.5;2;1;1;Lugiaルギア;Lugia;249;90;154;110;psychic;flying;2
0.25;1;1;2;0.5;0.5;0.5;1;1;0.25;0;1;1;1;1;4;0.5;2;Hououホウオウ;Ho-Oh;250;110;154;90;fire;flying;2
4;2;1;0.5;1;0.5;2;2;2;0.5;0.5;2;1;2;0.5;1;1;0.5;Celebiセレビィ;Celebi;251;100;100;100;psychic;grass;2
2;1;1;0.5;1;1;2;2;1;0.5;0.5;2;1;2;1;1;1;0.5;Kimoriキモリ;Treecko;252;65;55;70;grass;;3
2;1;1;0.5;1;1;2;2;1;0.5;0.5;2;1;2;1;1;1;0.5;Juptileジュプトル;Grovyle;253;85;65;95;grass;;3
2;1;1;0.5;1;1;2;2;1;0.5;0.5;2;1;2;1;1;1;0.5;Jukainジュカイン;Sceptile;254;145;85;145;grass;;3
0.5;1;1;1;0.5;1;0.5;1;1;0.5;2;0.5;1;1;1;2;0.5;2;Achamoアチャモ;Torchic;255;70;50;45;fire;;3
0.25;0.5;1;1;1;1;0.5;2;1;0.5;2;0.5;1;1;2;1;0.5;2;Wakasyamoワカシャモ;Combusken;256;85;60;55;fire;fighting;3
0.25;0.5;1;1;1;1;0.5;2;1;0.5;2;0.5;1;1;2;1;0.5;2;Bursyamoバシャーモ;Blaziken;257;130;80;100;fire;fighting;3
1;1;1;2;1;1;0.5;1;1;2;1;0.5;1;1;1;1;0.5;0.5;Mizugorouミズゴロウ;Mudkip;258;50;50;40;water;;3
1;1;1;0;1;1;0.5;1;1;4;1;1;1;0.5;1;0.5;0.5;1;Numacrawヌマクロー;Marshtomp;259;60;70;50;water;ground;3
1;1;1;0;1;1;0.5;1;1;4;1;1;1;0.5;1;0.5;0.5;1;Laglargeラグラージ;Swampert;260;95;110;70;water;ground;3
2;0.5;1;1;2;2;1;1;0.5;1;1;1;1;1;0;1;1;1;Pochienaポチエナ;Poochyena;261;30;30;35;dark;;3
2;0.5;1;1;2;2;1;1;0.5;1;1;1;1;1;0;1;1;1;Graenaグラエナ;Mightyena;262;60;60;70;dark;;3
1;1;1;1;1;2;1;1;0;1;1;1;1;1;1;1;1;1;Jiguzagumaジグザグマ;Zigzagoon;263;30;41;60;normal;;3
1;1;1;1;1;2;1;1;0;1;1;1;1;1;1;1;1;1;Massugumaマッスグマ;Linoone;264;50;61;100;normal;;3
1;1;1;1;1;0.5;2;2;1;0.5;0.5;1;1;1;1;2;1;1;Kemussoケムッソ;Wurmple;265;20;30;20;bug;;3
1;1;1;1;1;0.5;2;2;1;0.5;0.5;1;1;1;1;2;1;1;Karasalisカラサリス;Silcoon;266;25;25;15;bug;;3
0.5;1;1;2;1;0.25;2;2;1;0.25;0;2;1;1;1;4;1;1;Agehuntアゲハント;Beautifly;267;100;50;65;bug;flying;3
1;1;1;1;1;0.5;2;2;1;0.5;0.5;1;1;1;1;2;1;1;Mayuldマユルド;Cascoon;268;25;25;15;bug;;3
0.5;1;1;1;0.5;0.25;2;2;1;0.25;1;1;1;0.5;2;2;1;1;Dokucaleドクケイル;Dustox;269;50;90;65;bug;poison;3
2;1;1;1;1;1;1;2;1;1;0.5;1;1;2;1;1;0.5;0.25;Hassbohハスボー;Lotad;270;40;50;30;water;grass;3
2;1;1;1;1;1;1;2;1;1;0.5;1;1;2;1;1;0.5;0.25;Hasubreroハスブレロ;Lombre;271;60;70;50;water;grass;3
2;1;1;1;1;1;1;2;1;1;0.5;1;1;2;1;1;0.5;0.25;Runpappaルンパッパ;Ludicolo;272;90;100;70;water;grass;3
2;1;1;0.5;1;1;2;2;1;0.5;0.5;2;1;2;1;1;1;0.5;Tanebohタネボー;Seedot;273;30;30;30;grass;;3
4;0.5;1;0.5;2;2;2;2;0.5;0.5;0.5;2;1;2;0;1;1;0.5;Konohanaコノハナ;Nuzleaf;274;60;40;60;grass;dark;3
4;0.5;1;0.5;2;2;2;2;0.5;0.5;0.5;2;1;2;0;1;1;0.5;Dirtengダーテング;Shiftry;275;90;60;80;grass;dark;3
0.5;1;1;2;1;1;1;1;0;0.5;0;2;1;1;1;2;1;1;Subameスバメ;Taillow;276;30;30;85;normal;flying;3
0.5;1;1;2;1;1;1;1;0;0.5;0;2;1;1;1;2;1;1;Ohsubameオオスバメ;Swellow;277;75;50;125;normal;flying;3
0.5;1;1;4;1;0.5;0.5;1;1;1;0;1;1;1;1;2;0.5;0.5;Camomeキャモメ;Wingull;278;55;30;85;water;flying;3
0.5;1;1;4;1;0.5;0.5;1;1;1;0;1;1;1;1;2;0.5;0.5;Pelipperペリッパー;Pelipper;279;95;70;65;water;flying;3
1;1;0;1;1;0.25;1;1;2;1;1;1;1;2;0.5;1;2;1;Raltsラルトス;Ralts;280;45;35;40;psychic;fairy;3
1;1;0;1;1;0.25;1;1;2;1;1;1;1;2;0.5;1;2;1;Kirliaキルリア;Kirlia;281;65;55;50;psychic;fairy;3
1;1;0;1;1;0.25;1;1;2;1;1;1;1;2;0.5;1;2;1;Sirnightサーナイト;Gardevoir;282;165;135;100;psychic;fairy;3
1;1;1;2;1;0.5;1;2;1;1;0.5;0.5;1;1;1;2;0.5;0.5;Ametamaアメタマ;Surskit;283;50;52;65;bug;water;3
0.5;1;1;2;1;0.25;2;2;1;0.25;0;2;1;1;1;4;1;1;Amemothアメモース;Masquerain;284;100;82;80;bug;flying;3
2;1;1;0.5;1;1;2;2;1;0.5;0.5;2;1;2;1;1;1;0.5;Kinococoキノココ;Shroomish;285;40;60;35;grass;;3
1;0.5;1;0.5;2;1;2;4;1;0.5;0.5;2;1;2;2;0.5;1;0.5;Kinogassaキノガッサ;Breloom;286;60;60;70;grass;fighting;3
1;1;1;1;1;2;1;1;0;1;1;1;1;1;1;1;1;1;Namakeroナマケロ;Slakoth;287;35;35;30;normal;;3
1;1;1;1;1;2;1;1;0;1;1;1;1;1;1;1;1;1;Yarukimonoヤルキモノ;Vigoroth;288;55;55;90;normal;;3
1;1;1;1;1;2;1;1;0;1;1;1;1;1;1;1;1;1;Kekkingケッキング;Slaking;289;95;65;100;normal;;3
1;1;1;0;1;0.5;2;2;1;1;0.5;2;1;0.5;1;1;1;2;Tutininツチニン;Nincada;290;30;30;40;bug;ground;3
0.5;1;1;2;1;0.25;2;2;1;0.25;0;2;1;1;1;4;1;1;Tekkaninテッカニン;Ninjask;291;50;50;160;bug;flying;3
0.5;2;1;1;1;0;2;2;2;0.5;0.5;1;0;0.5;1;2;1;1;Nukeninヌケニン;Shedinja;292;30;30;40;bug;ghost;3
1;1;1;1;1;2;1;1;0;1;1;1;1;1;1;1;1;1;Gonyonyoゴニョニョ;Whismur;293;51;23;28;normal;;3
1;1;1;1;1;2;1;1;0;1;1;1;1;1;1;1;1;1;Dogohmbドゴーム;Loudred;294;71;43;48;normal;;3
1;1;1;1;1;2;1;1;0;1;1;1;1;1;1;1;1;1;Bakuongバクオング;Exploud;295;91;73;68;normal;;3
0.5;0.5;1;1;2;1;1;2;1;1;1;1;1;1;2;0.5;1;1;Makunoshitaマクノシタ;Makuhita;296;20;30;25;fighting;;3
0.5;0.5;1;1;2;1;1;2;1;1;1;1;1;1;2;0.5;1;1;Hariteyamaハリテヤマ;Hariyama;297;40;60;50;fighting;;3
0.5;0.5;0;1;1;1;1;1;0;1;1;1;1;2;1;1;2;1;Ruririルリリ;Azurill;298;20;40;20;normal;fairy;3
1;1;1;1;1;2;0.5;0.5;1;2;2;1;0.5;0.5;1;1;2;2;Nosepassノズパス;Nosepass;299;45;90;30;rock;;3
1;1;1;1;1;2;1;1;0;1;1;1;1;1;1;1;1;1;Enecoエネコ;Skitty;300;35;35;50;normal;;3
1;1;1;1;1;2;1;1;0;1;1;1;1;1;1;1;1;1;Enekororoエネコロロ;Delcatty;301;55;55;90;normal;;3
1;1;1;1;2;0;1;1;1;1;1;1;0;0.5;0;1;1;1;Yamiramiヤミラミ;Sableye;302;85;115;20;dark;ghost;3
0.25;0.5;0;1;0.5;1;2;0.5;1;0.5;2;0.5;0.5;0;0.5;0.5;1;1;Kucheatクチート;Mawile;303;55;95;50;steel;fairy;3
0.5;1;0.5;1;0.5;4;1;0.25;1;1;4;0.5;0.25;0;0.5;0.5;1;2;Cokodoraココドラ;Aron;304;40;40;30;steel;rock;3
0.5;1;0.5;1;0.5;4;1;0.25;1;1;4;0.5;0.25;0;0.5;0.5;1;2;Kodoraコドラ;Lairon;305;50;50;40;steel;rock;3
0.5;1;0.5;1;0.5;4;1;0.25;1;1;4;0.5;0.25;0;0.5;0.5;1;2;Bossgodoraボスゴドラ;Aggron;306;60;80;50;steel;rock;3
1;1;1;1;2;0.5;1;2;2;1;1;1;1;1;1;0.5;1;1;Asananアサナン;Meditite;307;40;55;60;fighting;psychic;3
1;1;1;1;2;0.5;1;2;2;1;1;1;1;1;1;0.5;1;1;Charemチャーレム;Medicham;308;80;85;100;fighting;psychic;3
1;1;1;0.5;1;1;1;0.5;1;1;2;1;1;1;1;1;0.5;1;Rakuraiラクライ;Electrike;309;65;40;65;electric;;3
1;1;1;0.5;1;1;1;0.5;1;1;2;1;1;1;1;1;0.5;1;Livoltライボルト;Manectric;310;135;80;135;electric;;3
1;1;1;0.5;1;1;1;0.5;1;1;2;1;1;1;1;1;0.5;1;Prasleプラスル;Plusle;311;85;75;95;electric;;3
1;1;1;0.5;1;1;1;0.5;1;1;2;1;1;1;1;1;0.5;1;Minunマイナン;Minun;312;75;85;95;electric;;3
1;1;1;1;1;0.5;2;2;1;0.5;0.5;1;1;1;1;2;1;1;Barubeatバルビート;Volbeat;313;47;85;85;bug;;3
1;1;1;1;1;0.5;2;2;1;0.5;0.5;1;1;1;1;2;1;1;Illumiseイルミーゼ;Illumise;314;73;85;85;bug;;3
1;1;1;0.5;0.5;0.5;2;2;1;0.25;1;2;1;1;2;1;1;0.5;Roseliaロゼリア;Roselia;315;100;80;65;grass;poison;3
0.5;1;1;1;0.5;0.5;1;1;1;0.5;2;1;1;0.5;2;1;1;1;Gokulinゴクリン;Gulpin;316;43;53;40;poison;;3
0.5;1;1;1;0.5;0.5;1;1;1;0.5;2;1;1;0.5;2;1;1;1;Marunoomマルノーム;Swalot;317;73;83;55;poison;;3
2;0.5;1;2;2;2;0.5;1;0.5;2;1;0.5;1;1;0;1;0.5;0.5;Kibanhaキバニア;Carvanha;318;65;20;65;water;dark;3
2;0.5;1;2;2;2;0.5;1;0.5;2;1;0.5;1;1;0;1;0.5;0.5;Samehaderサメハダー;Sharpedo;319;110;65;105;water;dark;3
1;1;1;2;1;1;0.5;1;1;2;1;0.5;1;1;1;1;0.5;0.5;Hoerukoホエルコ;Wailmer;320;70;35;60;water;;3
1;1;1;2;1;1;0.5;1;1;2;1;0.5;1;1;1;1;0.5;0.5;Whalohホエルオー;Wailord;321;90;45;60;water;;3
0.5;1;1;0;0.5;1;0.5;1;1;1;2;1;1;0.5;1;1;0.5;4;Donmelドンメル;Numel;322;65;45;35;fire;ground;3
0.5;1;1;0;0.5;1;0.5;1;1;1;2;1;1;0.5;1;1;0.5;4;Bakuudaバクーダ;Camerupt;323;145;105;20;fire;ground;3
0.5;1;1;1;0.5;1;0.5;1;1;0.5;2;0.5;1;1;1;2;0.5;2;Cotoiseコータス;Torkoal;324;85;70;20;fire;;3
2;2;1;1;1;0.5;1;1;2;1;1;1;1;1;0.5;1;1;1;Banebooバネブー;Spoink;325;70;80;60;psychic;;3
2;2;1;1;1;0.5;1;1;2;1;1;1;1;1;0.5;1;1;1;Boopigブーピッグ;Grumpig;326;90;110;80;psychic;;3
1;1;1;1;1;2;1;1;0;1;1;1;1;1;1;1;1;1;Patcheelパッチール;Spinda;327;60;60;60;normal;;3
1;1;1;0;1;1;1;1;1;2;1;2;1;0.5;1;0.5;1;2;Nuckrarナックラー;Trapinch;328;45;45;10;ground;;3
1;1;2;0;2;1;0.5;1;1;1;1;4;1;0.5;1;0.5;1;1;Vibravaビブラーバ;Vibrava;329;50;50;70;ground;dragon;3
1;1;2;0;2;1;0.5;1;1;1;1;4;1;0.5;1;0.5;1;1;Flygonフライゴン;Flygon;330;80;80;100;ground;dragon;3
2;1;1;0.5;1;1;2;2;1;0.5;0.5;2;1;2;1;1;1;0.5;Saboneaサボネア;Cacnea;331;85;40;35;grass;;3
4;0.5;1;0.5;2;2;2;2;0.5;0.5;0.5;2;1;2;0;1;1;0.5;Noctusノクタス;Cacturne;332;115;60;55;grass;dark;3
0.5;1;1;2;1;1;1;1;0;0.5;0;2;1;1;1;2;1;1;Tylttoチルット;Swablu;333;40;75;50;normal;flying;3
0.5;1;2;1;2;0.5;0.5;1;1;0.25;0;4;1;1;1;2;1;0.5;Tyltalisチルタリス;Altaria;334;110;105;80;dragon;flying;3
1;1;1;1;1;2;1;1;0;1;1;1;1;1;1;1;1;1;Zangooseザングース;Zangoose;335;60;60;90;normal;;3
0.5;1;1;1;0.5;0.5;1;1;1;0.5;2;1;1;0.5;2;1;1;1;Habunakeハブネーク;Seviper;336;100;60;65;poison;;3
2;2;1;1;1;1;0.5;0.5;2;2;2;1;0.5;0.5;0.5;1;2;2;Lunatoneルナトーン;Lunatone;337;95;85;70;rock;psychic;3
2;2;1;1;1;1;0.5;0.5;2;2;2;1;0.5;0.5;0.5;1;2;2;Solrockソルロック;Solrock;338;55;65;70;rock;psychic;3
1;1;1;0;1;1;0.5;1;1;4;1;1;1;0.5;1;0.5;0.5;1;Dojoachドジョッチ;Barboach;339;46;41;60;water;ground;3
1;1;1;0;1;1;0.5;1;1;4;1;1;1;0.5;1;0.5;0.5;1;Namazunナマズン;Whiscash;340;76;71;60;water;ground;3
1;1;1;2;1;1;0.5;1;1;2;1;0.5;1;1;1;1;0.5;0.5;Heiganiヘイガニ;Corphish;341;50;35;35;water;;3
2;0.5;1;2;2;2;0.5;1;0.5;2;1;0.5;1;1;0;1;0.5;0.5;Shizarigerシザリガー;Crawdaunt;342;90;55;55;water;dark;3
2;2;1;0;1;0.5;1;1;2;2;1;2;1;0.5;0.5;0.5;1;2;Yajilonヤジロン;Baltoy;343;40;70;55;ground;psychic;3
2;2;1;0;1;0.5;1;1;2;2;1;2;1;0.5;0.5;0.5;1;2;Nendollネンドール;Claydol;344;70;120;75;ground;psychic;3
2;1;1;0.5;1;2;1;1;1;1;1;2;0.5;1;1;1;2;1;Lilylaリリーラ;Lileep;345;61;87;23;rock;grass;3
2;1;1;0.5;1;2;1;1;1;1;1;2;0.5;1;1;1;2;1;Yuradleユレイドル;Cradily;346;81;107;43;rock;grass;3
1;1;1;1;1;1;1;1;1;1;1;1;0.5;0.5;1;2;2;2;Anopthアノプス;Anorith;347;40;50;75;rock;bug;3
1;1;1;1;1;1;1;1;1;1;1;1;0.5;0.5;1;2;2;2;Armaldoアーマルド;Armaldo;348;70;80;45;rock;bug;3
1;1;1;2;1;1;0.5;1;1;2;1;0.5;1;1;1;1;0.5;0.5;Hinbassヒンバス;Feebas;349;10;55;80;water;;3
1;1;1;2;1;1;0.5;1;1;2;1;0.5;1;1;1;1;0.5;0.5;Milokarossミロカロス;Milotic;350;100;125;81;water;;3
1;1;1;1;1;2;1;1;0;1;1;1;1;1;1;1;1;1;Powalenポワルン;Castform;351;70;70;70;normal;;3
1;1;1;1;1;2;1;1;0;1;1;1;1;1;1;1;1;1;Kakureonカクレオン;Kecleon;352;60;120;40;normal;;3
0.5;2;1;1;1;0;1;1;2;1;1;1;0;0.5;1;1;1;1;Kagebouzuカゲボウズ;Shuppet;353;63;33;45;ghost;;3
0.5;2;1;1;1;0;1;1;2;1;1;1;0;0.5;1;1;1;1;Juppetaジュペッタ;Banette;354;93;83;75;ghost;;3
0.5;2;1;1;1;0;1;1;2;1;1;1;0;0.5;1;1;1;1;Yomawaruヨマワル;Duskull;355;30;90;25;ghost;;3
0.5;2;1;1;1;0;1;1;2;1;1;1;0;0.5;1;1;1;1;Samayouruサマヨール;Dusclops;356;60;130;25;ghost;;3
1;1;1;1;1;0.5;2;2;1;0.25;0;4;1;2;1;2;1;0.5;Tropiusトロピウス;Tropius;357;72;87;51;grass;flying;3
2;2;1;1;1;0.5;1;1;2;1;1;1;1;1;0.5;1;1;1;Chireanチリーン;Chimecho;358;95;90;65;psychic;;3
2;0.5;1;1;2;2;1;1;0.5;1;1;1;1;1;0;1;1;1;Absolアブソル;Absol;359;115;60;115;dark;;3
2;2;1;1;1;0.5;1;1;2;1;1;1;1;1;0.5;1;1;1;Sohnanoソーナノ;Wynaut;360;23;48;23;psychic;;3
1;1;1;1;1;2;2;1;1;1;1;0.5;1;1;1;2;2;1;Yukiwarashiユキワラシ;Snorunt;361;50;50;50;ice;;3
1;1;1;1;1;2;2;1;1;1;1;0.5;1;1;1;2;2;1;Onigohriオニゴーリ;Glalie;362;120;80;100;ice;;3
1;1;1;2;1;2;1;1;1;2;1;0.25;1;1;1;2;1;0.5;Tamazarashiタマザラシ;Spheal;363;55;50;25;ice;water;3
1;1;1;2;1;2;1;1;1;2;1;0.25;1;1;1;2;1;0.5;Todogglerトドグラー;Sealeo;364;75;70;45;ice;water;3
1;1;1;2;1;2;1;1;1;2;1;0.25;1;1;1;2;1;0.5;Todoserugaトドゼルガ;Walrein;365;95;90;65;ice;water;3
1;1;1;2;1;1;0.5;1;1;2;1;0.5;1;1;1;1;0.5;0.5;Pearluluパールル;Clamperl;366;74;55;32;water;;3
1;1;1;2;1;1;0.5;1;1;2;1;0.5;1;1;1;1;0.5;0.5;Huntailハンテール;Huntail;367;94;75;52;water;;3
1;1;1;2;1;1;0.5;1;1;2;1;0.5;1;1;1;1;0.5;0.5;Sakurabyssサクラビス;Gorebyss;368;114;75;52;water;;3
1;1;1;2;1;2;0.25;0.5;1;4;2;0.5;0.5;0.5;1;1;1;1;Glanthジーランス;Relicanth;369;45;65;55;water;rock;3
1;1;1;2;1;1;0.5;1;1;2;1;0.5;1;1;1;1;0.5;0.5;Lovecusラブカス;Luvdisc;370;40;65;97;water;;3
1;1;2;0.5;2;1;0.5;1;1;0.5;1;2;1;1;1;1;1;0.5;Tatsubayタツベイ;Bagon;371;40;30;50;dragon;;3
1;1;2;0.5;2;1;0.5;1;1;0.5;1;2;1;1;1;1;1;0.5;Komoruuコモルー;Shelgon;372;60;50;50;dragon;;3
0.5;1;2;1;2;0.5;0.5;1;1;0.25;0;4;1;1;1;2;1;0.5;Bohmanderボーマンダ;Salamence;373;120;90;120;dragon;flying;3
1;2;0.5;1;0.5;1;2;0.5;2;0.5;2;0.5;0.5;0;0.25;0.5;0.5;1;Dumbberダンバル;Beldum;374;35;60;30;steel;psychic;3
1;2;0.5;1;0.5;1;2;0.5;2;0.5;2;0.5;0.5;0;0.25;0.5;0.5;1;Metangメタング;Metang;375;55;80;50;steel;psychic;3
1;2;0.5;1;0.5;1;2;0.5;2;0.5;2;0.5;0.5;0;0.25;0.5;0.5;1;Metagrossメタグロス;Metagross;376;105;110;110;steel;psychic;3
1;1;1;1;1;2;0.5;0.5;1;2;2;1;0.5;0.5;1;1;2;2;Regirockレジロック;Regirock;377;50;100;50;rock;;3
1;1;1;1;1;2;2;1;1;1;1;0.5;1;1;1;2;2;1;Regiceレジアイス;Regice;378;100;200;50;ice;;3
0.5;1;0.5;1;0.5;2;2;0.5;1;0.5;2;0.5;0.5;0;0.5;0.5;0.5;1;Registeelレジスチル;Registeel;379;75;150;50;steel;;3
2;2;2;0.5;2;0.5;0.5;1;2;0.5;1;2;1;1;0.5;1;1;0.5;Latiasラティアス;Latias;380;140;150;110;dragon;psychic;3
2;2;2;0.5;2;0.5;0.5;1;2;0.5;1;2;1;1;0.5;1;1;0.5;Latiosラティオス;Latios;381;160;120;110;dragon;psychic;3
1;1;1;2;1;1;0.5;1;1;2;1;0.5;1;1;1;1;0.5;0.5;Kyogreカイオーガ;Kyogre;382;180;160;90;water;;3
1;1;1;0;1;1;1;1;1;2;1;2;1;0.5;1;0.5;1;2;Groudonグラードン;Groudon;383;150;90;90;ground;;3
0.5;1;2;1;2;0.5;0.5;1;1;0.25;0;4;1;1;1;2;1;0.5;Rayquazaレックウザ;Rayquaza;384;180;100;115;dragon;flying;3
1;2;0.5;1;0.5;1;2;0.5;2;0.5;2;0.5;0.5;0;0.25;0.5;0.5;1;Jirachiジラーチ;Jirachi;385;100;100;100;steel;psychic;3
2;2;1;1;1;0.5;1;1;2;1;1;1;1;1;0.5;1;1;1;Deoxysデオキシス;Deoxys;386;95;90;180;psychic;;3
2;1;1;0.5;1;1;2;2;1;0.5;0.5;2;1;2;1;1;1;0.5;Naetleナエトル;Turtwig;387;45;55;31;grass;;4
2;1;1;0.5;1;1;2;2;1;0.5;0.5;2;1;2;1;1;1;0.5;Hayashigameハヤシガメ;Grotle;388;55;65;36;grass;;4
2;1;1;0;1;1;2;2;1;1;0.5;4;1;1;1;0.5;1;1;Dodaitoseドダイトス;Torterra;389;75;85;56;grass;ground;4
0.5;1;1;1;0.5;1;0.5;1;1;0.5;2;0.5;1;1;1;2;0.5;2;Hikozaruヒコザル;Chimchar;390;58;44;61;fire;;4
0.25;0.5;1;1;1;1;0.5;2;1;0.5;2;0.5;1;1;2;1;0.5;2;Moukazaruモウカザル;Monferno;391;78;52;81;fire;fighting;4
0.25;0.5;1;1;1;1;0.5;2;1;0.5;2;0.5;1;1;2;1;0.5;2;Goukazaruゴウカザル;Infernape;392;104;71;108;fire;fighting;4
1;1;1;2;1;1;0.5;1;1;2;1;0.5;1;1;1;1;0.5;0.5;Pochamaポッチャマ;Piplup;393;61;56;40;water;;4
1;1;1;2;1;1;0.5;1;1;2;1;0.5;1;1;1;1;0.5;0.5;Pottaishiポッタイシ;Prinplup;394;81;76;50;water;;4
0.5;1;0.5;2;0.5;2;1;0.5;1;1;2;0.25;0.5;0;0.5;0.5;0.25;0.5;Emperteエンペルト;Empoleon;395;111;101;60;water;steel;4
0.5;1;1;2;1;1;1;1;0;0.5;0;2;1;1;1;2;1;1;Mukkuruムックル;Starly;396;30;30;60;normal;flying;4
0.5;1;1;2;1;1;1;1;0;0.5;0;2;1;1;1;2;1;1;Mukubirdムクバード;Staravia;397;40;40;80;normal;flying;4
0.5;1;1;2;1;1;1;1;0;0.5;0;2;1;1;1;2;1;1;Mukuhawkムクホーク;Staraptor;398;50;60;100;normal;flying;4
1;1;1;1;1;2;1;1;0;1;1;1;1;1;1;1;1;1;Bippaビッパ;Bidoof;399;35;40;31;normal;;4
1;1;1;2;1;2;0.5;1;0;2;1;0.5;1;1;1;1;0.5;0.5;Beadaruビーダル;Bibarel;400;55;60;71;normal;water;4
1;1;1;1;1;0.5;2;2;1;0.5;0.5;1;1;1;1;2;1;1;Korobohshiコロボーシ;Kricketot;401;25;41;25;bug;;4
1;1;1;1;1;0.5;2;2;1;0.5;0.5;1;1;1;1;2;1;1;Korotockコロトック;Kricketune;402;55;51;65;bug;;4
1;1;1;0.5;1;1;1;0.5;1;1;2;1;1;1;1;1;0.5;1;Kolinkコリンク;Shinx;403;40;34;45;electric;;4
1;1;1;0.5;1;1;1;0.5;1;1;2;1;1;1;1;1;0.5;1;Luxioルクシオ;Luxio;404;60;49;60;electric;;4
1;1;1;0.5;1;1;1;0.5;1;1;2;1;1;1;1;1;0.5;1;Rentorarレントラー;Luxray;405;95;79;70;electric;;4
1;1;1;0.5;0.5;0.5;2;2;1;0.25;1;2;1;1;2;1;1;0.5;Subomieスボミー;Budew;406;50;70;55;grass;poison;4
1;1;1;0.5;0.5;0.5;2;2;1;0.25;1;2;1;1;2;1;1;0.5;Roseradeロズレイド;Roserade;407;125;105;90;grass;poison;4
1;1;1;1;1;2;0.5;0.5;1;2;2;1;0.5;0.5;1;1;2;2;Zugaidosズガイドス;Cranidos;408;30;30;58;rock;;4
1;1;1;1;1;2;0.5;0.5;1;2;2;1;0.5;0.5;1;1;2;2;Rampaldラムパルド;Rampardos;409;65;50;58;rock;;4
0.5;1;0.5;1;0.5;4;1;0.25;1;1;4;0.5;0.25;0;0.5;0.5;1;2;Tatetopsタテトプス;Shieldon;410;42;88;30;rock;steel;4
0.5;1;0.5;1;0.5;4;1;0.25;1;1;4;0.5;0.25;0;0.5;0.5;1;2;Toridepsトリデプス;Bastiodon;411;47;138;30;rock;steel;4
1;1;1;1;1;0.5;2;2;1;0.5;0.5;1;1;1;1;2;1;1;Minomucchiミノムッチ;Burmy;412;29;45;36;bug;;4
2;1;1;0.5;1;0.5;4;4;1;0.25;0.25;2;1;2;1;2;1;0.5;Minomadam (kusaki No Mino)ミノマダム;Wormadam;413;69;95;36;bug;grass;4
0.5;1;1;2;1;0.25;2;2;1;0.25;0;2;1;1;1;4;1;1;Gamaleガーメイル;Mothim;414;94;50;66;bug;flying;4
0.5;1;1;2;1;0.25;2;2;1;0.25;0;2;1;1;1;4;1;1;Mitsuhoneyミツハニー;Combee;415;30;42;70;bug;flying;4
0.5;1;1;2;1;0.25;2;2;1;0.25;0;2;1;1;1;4;1;1;Beequenビークイン;Vespiquen;416;80;102;40;bug;flying;4
1;1;1;0.5;1;1;1;0.5;1;1;2;1;1;1;1;1;0.5;1;Pachirisuパチリス;Pachirisu;417;45;90;95;electric;;4
1;1;1;2;1;1;0.5;1;1;2;1;0.5;1;1;1;1;0.5;0.5;Buoyselブイゼル;Buizel;418;60;30;85;water;;4
1;1;1;2;1;1;0.5;1;1;2;1;0.5;1;1;1;1;0.5;0.5;Floazelフローゼル;Floatzel;419;85;50;115;water;;4
2;1;1;0.5;1;1;2;2;1;0.5;0.5;2;1;2;1;1;1;0.5;Cherinboチェリンボ;Cherubi;420;62;53;35;grass;;4
2;1;1;0.5;1;1;2;2;1;0.5;0.5;2;1;2;1;1;1;0.5;Cherrimチェリム;Cherrim;421;87;78;85;grass;;4
1;1;1;2;1;1;0.5;1;1;2;1;0.5;1;1;1;1;0.5;0.5;Karanakushiカラナクシ;Shellos;422;57;62;34;water;;4
1;1;1;0;1;1;0.5;1;1;4;1;1;1;0.5;1;0.5;0.5;1;Tritodonトリトドン;Gastrodon;423;92;82;39;water;ground;4
1;1;1;1;1;2;1;1;0;1;1;1;1;1;1;1;1;1;Etebothエテボース;Ambipom;424;60;66;115;normal;;4
0.25;2;1;2;1;0;1;1;2;0.5;0;2;0;0.5;1;2;1;1;Fuwanteフワンテ;Drifloon;425;60;44;70;ghost;flying;4
0.25;2;1;2;1;0;1;1;2;0.5;0;2;0;0.5;1;2;1;1;Fuwarideフワライド;Drifblim;426;90;54;80;ghost;flying;4
1;1;1;1;1;2;1;1;0;1;1;1;1;1;1;1;1;1;Mimirolミミロル;Buneary;427;44;56;85;normal;;4
1;1;1;1;1;2;1;1;0;1;1;1;1;1;1;1;1;1;Mimilopミミロップ;Lopunny;428;54;96;135;normal;;4
0.5;2;1;1;1;0;1;1;2;1;1;1;0;0.5;1;1;1;1;Mumargiムウマージ;Mismagius;429;105;105;105;ghost;;4
1;0.5;1;2;2;1;1;1;0.5;0.5;0;2;1;1;0;2;1;1;Dongkarasuドンカラス;Honchkrow;430;105;52;71;dark;flying;4
1;1;1;1;1;2;1;1;0;1;1;1;1;1;1;1;1;1;Nyarmarニャルマー;Glameow;431;42;37;85;normal;;4
1;1;1;1;1;2;1;1;0;1;1;1;1;1;1;1;1;1;Bunyattoブニャット;Purugly;432;64;59;112;normal;;4
2;2;1;1;1;0.5;1;1;2;1;1;1;1;1;0.5;1;1;1;Lisyanリーシャン;Chingling;433;65;50;45;psychic;;4
1;0.5;1;1;1;1;1;1;0.5;0.5;2;1;1;0.5;0;1;1;1;Skunpuuスカンプー;Stunky;434;41;41;74;poison;dark;4
1;0.5;1;1;1;1;1;1;0.5;0.5;2;1;1;0.5;0;1;1;1;Skutankスカタンク;Skuntank;435;71;61;84;poison;dark;4
1;2;0.5;1;0.5;1;2;0.5;2;0.5;2;0.5;0.5;0;0.25;0.5;0.5;1;Dohmirrorドーミラー;Bronzor;436;24;86;23;steel;psychic;4
1;2;0.5;1;0.5;1;2;0.5;2;0.5;2;0.5;0.5;0;0.25;0.5;0.5;1;Dohtakunドータクン;Bronzong;437;79;116;33;steel;psychic;4
1;1;1;1;1;2;0.5;0.5;1;2;2;1;0.5;0.5;1;1;2;2;Usohachiウソハチ;Bonsly;438;10;45;10;rock;;4
1;1;0;1;1;0.25;1;1;2;1;1;1;1;2;0.5;1;2;1;Maneneマネネ;Mime Jr.;439;70;90;60;psychic;fairy;4
1;1;1;1;1;2;1;1;0;1;1;1;1;1;1;1;1;1;Pinpukuピンプク;Happiny;440;15;65;30;normal;;4
0.5;1;1;2;1;1;1;1;0;0.5;0;2;1;1;1;2;1;1;Perapペラップ;Chatot;441;92;42;91;normal;flying;4
1;1;1;1;2;0;1;1;1;1;1;1;0;0.5;0;1;1;1;Mikarugeミカルゲ;Spiritomb;442;92;108;35;ghost;dark;4
1;1;2;0;2;1;0.5;1;1;1;1;4;1;0.5;1;0.5;1;1;Fukamaruフカマル;Gible;443;40;45;42;dragon;ground;4
1;1;2;0;2;1;0.5;1;1;1;1;4;1;0.5;1;0.5;1;1;Gabiteガバイト;Gabite;444;50;55;82;dragon;ground;4
1;1;2;0;2;1;0.5;1;1;1;1;4;1;0.5;1;0.5;1;1;Gaburiasガブリアス;Garchomp;445;120;95;92;dragon;ground;4
1;1;1;1;1;2;1;1;0;1;1;1;1;1;1;1;1;1;Gonbeゴンベ;Munchlax;446;40;85;5;normal;;4
0.5;0.5;1;1;2;1;1;2;1;1;1;1;1;1;2;0.5;1;1;Rioluリオル;Riolu;447;35;40;60;fighting;;4
0.25;0.5;0.5;1;1;2;2;1;1;0.5;2;0.5;0.5;0;1;0.25;0.5;1;Lucarioルカリオ;Lucario;448;140;70;112;fighting;steel;4
1;1;1;0;1;1;1;1;1;2;1;2;1;0.5;1;0.5;1;2;Hippopotasヒポポタス;Hippopotas;449;38;42;32;ground;;4
1;1;1;0;1;1;1;1;1;2;1;2;1;0.5;1;0.5;1;2;Kabaldonカバルドン;Hippowdon;450;68;72;47;ground;;4
0.5;1;1;1;0.5;0.25;2;2;1;0.25;1;1;1;0.5;2;2;1;1;Scorupiスコルピ;Skorupi;451;30;55;65;poison;bug;4
1;0.5;1;1;1;1;1;1;0.5;0.5;2;1;1;0.5;0;1;1;1;Dorapionドラピオン;Drapion;452;60;75;95;poison;dark;4
0.25;0.5;1;1;1;0.5;1;2;1;0.5;2;1;1;0.5;4;0.5;1;1;Gureggruグレッグル;Croagunk;453;61;40;50;poison;fighting;4
0.25;0.5;1;1;1;0.5;1;2;1;0.5;2;1;1;0.5;4;0.5;1;1;Dokurogドクロッグ;Toxicroak;454;86;65;85;poison;fighting;4
2;1;1;0.5;1;1;2;2;1;0.5;0.5;2;1;2;1;1;1;0.5;Muskippaマスキッパ;Carnivine;455;90;72;46;grass;;4
1;1;1;2;1;1;0.5;1;1;2;1;0.5;1;1;1;1;0.5;0.5;Keikouoケイコウオ;Finneon;456;49;61;66;water;;4
1;1;1;2;1;1;0.5;1;1;2;1;0.5;1;1;1;1;0.5;0.5;Neolantネオラント;Lumineon;457;69;86;91;water;;4
0.5;1;1;4;1;0.5;0.5;1;1;1;0;1;1;1;1;2;0.5;0.5;Tamantaタマンタ;Mantyke;458;60;120;50;water;flying;4
2;1;1;0.5;1;2;4;2;1;0.5;0.5;1;1;2;1;2;2;0.5;Yukikaburiユキカブリ;Snover;459;62;60;40;grass;ice;4
2;1;1;0.5;1;2;4;2;1;0.5;0.5;1;1;2;1;2;2;0.5;Yukinoohユキノオー;Abomasnow;460;132;105;30;grass;ice;4
2;0.5;1;1;2;4;2;1;0.5;1;1;0.5;1;1;0;2;2;1;Manyulaマニューラ;Weavile;461;45;85;125;dark;ice;4
0.5;1;0.5;0.5;0.5;2;2;0.25;1;0.5;4;0.5;0.5;0;0.5;0.5;0.25;1;Jibacoilジバコイル;Magnezone;462;130;90;60;electric;steel;4
1;1;1;1;1;2;1;1;0;1;1;1;1;1;1;1;1;1;Berobeltベロベルト;Lickilicky;463;80;95;50;normal;;4
1;1;1;0;1;2;0.5;0.5;1;4;2;2;0.5;0.25;1;0.5;2;4;Dosidonドサイドン;Rhyperior;464;55;55;40;ground;rock;4
2;1;1;0.5;1;1;2;2;1;0.5;0.5;2;1;2;1;1;1;0.5;Mojumboモジャンボ;Tangrowth;465;110;50;50;grass;;4
1;1;1;0.5;1;1;1;0.5;1;1;2;1;1;1;1;1;0.5;1;Elekibleエレキブル;Electivire;466;95;85;95;electric;;4
0.5;1;1;1;0.5;1;0.5;1;1;0.5;2;0.5;1;1;1;2;0.5;2;Booburnブーバーン;Magmortar;467;125;95;83;fire;;4
0.25;0.5;0;2;1;0.25;1;1;1;0.5;0;2;1;2;1;2;2;1;Togekissトゲキッス;Togekiss;468;120;115;80;fairy;flying;4
0.5;1;1;2;1;0.25;2;2;1;0.25;0;2;1;1;1;4;1;1;Megayanmaメガヤンマ;Yanmega;469;116;56;95;bug;flying;4
2;1;1;0.5;1;1;2;2;1;0.5;0.5;2;1;2;1;1;1;0.5;Leafiaリーフィア;Leafeon;470;60;65;95;grass;;4
1;1;1;1;1;2;2;1;1;1;1;0.5;1;1;1;2;2;1;Glaciaグレイシア;Glaceon;471;130;95;65;ice;;4
0.5;1;1;0;1;0.5;1;1;1;1;0;4;1;0.5;1;1;1;2;Glionグライオン;Gliscor;472;45;75;95;ground;flying;4
1;1;1;0;1;2;2;1;1;2;1;1;1;0.5;1;1;2;2;Mammooマンムー;Mamoswine;473;70;60;80;ice;ground;4
1;1;1;1;1;2;1;1;0;1;1;1;1;1;1;1;1;1;Porygon-zポリゴンＺ;Porygon-Z;474;135;75;90;normal;;4
1;1;1;1;2;0.5;1;2;2;1;1;1;1;1;1;0.5;1;1;Erureidoエルレイド;Gallade;475;65;115;110;psychic;fighting;4
0.5;1;0.5;1;0.5;4;1;0.25;1;1;4;0.5;0.25;0;0.5;0.5;1;2;Dainoseダイノーズ;Probopass;476;75;150;40;rock;steel;4
0.5;2;1;1;1;0;1;1;2;1;1;1;0;0.5;1;1;1;1;Yonoirヨノワール;Dusknoir;477;65;135;45;ghost;;4
0.5;2;1;1;1;0;2;1;2;1;1;0.5;0;0.5;1;2;2;1;Yukimenokoユキメノコ;Froslass;478;80;70;110;ice;ghost;4
0.5;2;1;0.5;1;0;1;0.5;2;1;2;1;0;0.5;1;1;0.5;1;Rotomロトム;Rotom;479;105;107;86;electric;ghost;4
2;2;1;1;1;0.5;1;1;2;1;1;1;1;1;0.5;1;1;1;Yuxieユクシー;Uxie;480;75;130;95;psychic;;4
2;2;1;1;1;0.5;1;1;2;1;1;1;1;1;0.5;1;1;1;Emritエムリット;Mesprit;481;105;105;80;psychic;;4
2;2;1;1;1;0.5;1;1;2;1;1;1;1;1;0.5;1;1;1;Agnomeアグノム;Azelf;482;125;70;115;psychic;;4
0.5;1;1;0.5;1;2;1;0.5;1;0.25;2;1;0.5;0;0.5;0.5;0.5;0.5;Dialgaディアルガ;Dialga;483;150;100;90;steel;dragon;4
1;1;2;1;2;1;0.25;1;1;1;1;1;1;1;1;1;0.5;0.25;Palkiaパルキア;Palkia;484;150;120;100;water;dragon;4
0.25;1;0.5;1;0.25;2;1;0.5;1;0.25;4;0.25;0.5;0;0.5;1;0.25;2;Heatranヒードラン;Heatran;485;130;106;77;fire;steel;4
1;1;1;1;1;2;1;1;0;1;1;1;1;1;1;1;1;1;Regigigasレジギガス;Regigigas;486;80;110;100;normal;;4
0.5;2;2;0.5;2;0;0.5;1;2;0.5;1;2;0;0.5;1;1;1;0.5;Giratina (another Forme)ギラティナ;Giratina;487;120;100;90;ghost;dragon;4
2;2;1;1;1;0.5;1;1;2;1;1;1;1;1;0.5;1;1;1;Cresseliaクレセリア;Cresselia;488;75;130;85;psychic;;4
1;1;1;2;1;1;0.5;1;1;2;1;0.5;1;1;1;1;0.5;0.5;Phioneフィオネ;Phione;489;80;80;80;water;;4
1;1;1;2;1;1;0.5;1;1;2;1;0.5;1;1;1;1;0.5;0.5;Manaphyマナフィ;Manaphy;490;100;100;100;water;;4
2;0.5;1;1;2;2;1;1;0.5;1;1;1;1;1;0;1;1;1;Darkraiダークライ;Darkrai;491;135;90;125;dark;;4
2;1;1;0.5;1;1;2;2;1;0.5;0.5;2;1;2;1;1;1;0.5;Shaymin (sky Forme)シェイミ;Shaymin;492;120;75;127;grass;grass;4
1;1;1;1;1;2;1;1;0;1;1;1;1;1;1;1;1;1;Arceusアルセウス;Arceus;493;120;120;120;normal;;4
1;2;1;1;0.5;0.5;0.5;1;2;0.5;2;0.5;1;1;0.5;2;0.5;2;Victiniビクティニ;Victini;494;100;100;100;psychic;fire;5
2;1;1;0.5;1;1;2;2;1;0.5;0.5;2;1;2;1;1;1;0.5;Tsutarjaツタージャ;Snivy;495;45;55;63;grass;;5
2;1;1;0.5;1;1;2;2;1;0.5;0.5;2;1;2;1;1;1;0.5;Janovyジャノビー;Servine;496;60;75;83;grass;;5
2;1;1;0.5;1;1;2;2;1;0.5;0.5;2;1;2;1;1;1;0.5;Jalordaジャローダ;Serperior;497;75;95;113;grass;;5
0.5;1;1;1;0.5;1;0.5;1;1;0.5;2;0.5;1;1;1;2;0.5;2;Pokabuポカブ;Tepig;498;45;45;45;fire;;5
0.25;0.5;1;1;1;1;0.5;2;1;0.5;2;0.5;1;1;2;1;0.5;2;Chaobooチャオブー;Pignite;499;70;55;55;fire;fighting;5
0.25;0.5;1;1;1;1;0.5;2;1;0.5;2;0.5;1;1;2;1;0.5;2;Enbuohエンブオー;Emboar;500;100;65;65;fire;fighting;5
1;1;1;2;1;1;0.5;1;1;2;1;0.5;1;1;1;1;0.5;0.5;Mijumaruミジュマル;Oshawott;501;63;45;45;water;;5
1;1;1;2;1;1;0.5;1;1;2;1;0.5;1;1;1;1;0.5;0.5;Futachimaruフタチマル;Dewott;502;83;60;60;water;;5
1;1;1;2;1;1;0.5;1;1;2;1;0.5;1;1;1;1;0.5;0.5;Daikenkiダイケンキ;Samurott;503;108;70;70;water;;5
1;1;1;1;1;2;1;1;0;1;1;1;1;1;1;1;1;1;Minezumiミネズミ;Patrat;504;35;39;42;normal;;5
1;1;1;1;1;2;1;1;0;1;1;1;1;1;1;1;1;1;Miruhogミルホッグ;Watchog;505;60;69;77;normal;;5
1;1;1;1;1;2;1;1;0;1;1;1;1;1;1;1;1;1;Yorterrieヨーテリー;Lillipup;506;25;45;55;normal;;5
1;1;1;1;1;2;1;1;0;1;1;1;1;1;1;1;1;1;Herderrieハーデリア;Herdier;507;35;65;60;normal;;5
1;1;1;1;1;2;1;1;0;1;1;1;1;1;1;1;1;1;Moolandムーランド;Stoutland;508;45;90;80;normal;;5
2;0.5;1;1;2;2;1;1;0.5;1;1;1;1;1;0;1;1;1;Choronekoチョロネコ;Purrloin;509;50;37;66;dark;;5
2;0.5;1;1;2;2;1;1;0.5;1;1;1;1;1;0;1;1;1;Lepardasレパルダス;Liepard;510;88;50;106;dark;;5
2;1;1;0.5;1;1;2;2;1;0.5;0.5;2;1;2;1;1;1;0.5;Yanappuヤナップ;Pansage;511;53;48;64;grass;;5
2;1;1;0.5;1;1;2;2;1;0.5;0.5;2;1;2;1;1;1;0.5;Yanakkieヤナッキー;Simisage;512;98;63;101;grass;;5
0.5;1;1;1;0.5;1;0.5;1;1;0.5;2;0.5;1;1;1;2;0.5;2;Baoppuバオップ;Pansear;513;53;48;64;fire;;5
0.5;1;1;1;0.5;1;0.5;1;1;0.5;2;0.5;1;1;1;2;0.5;2;Baokkieバオッキー;Simisear;514;98;63;101;fire;;5
1;1;1;2;1;1;0.5;1;1;2;1;0.5;1;1;1;1;0.5;0.5;Hiyappuヒヤップ;Panpour;515;53;48;64;water;;5
1;1;1;2;1;1;0.5;1;1;2;1;0.5;1;1;1;1;0.5;0.5;Hiyakkieヒヤッキー;Simipour;516;98;63;101;water;;5
2;2;1;1;1;0.5;1;1;2;1;1;1;1;1;0.5;1;1;1;Munnaムンナ;Munna;517;67;55;24;psychic;;5
2;2;1;1;1;0.5;1;1;2;1;1;1;1;1;0.5;1;1;1;Musharnaムシャーナ;Musharna;518;107;95;29;psychic;;5
0.5;1;1;2;1;1;1;1;0;0.5;0;2;1;1;1;2;1;1;Mamepatoマメパト;Pidove;519;36;30;43;normal;flying;5
0.5;1;1;2;1;1;1;1;0;0.5;0;2;1;1;1;2;1;1;Hatobohハトーボー;Tranquill;520;50;42;65;normal;flying;5
0.5;1;1;2;1;1;1;1;0;0.5;0;2;1;1;1;2;1;1;Kenhallowケンホロウ;Unfezant;521;65;55;93;normal;flying;5
1;1;1;0.5;1;1;1;0.5;1;1;2;1;1;1;1;1;0.5;1;Shimamaシママ;Blitzle;522;50;32;76;electric;;5
1;1;1;0.5;1;1;1;0.5;1;1;2;1;1;1;1;1;0.5;1;Zebraikaゼブライカ;Zebstrika;523;80;63;116;electric;;5
1;1;1;1;1;2;0.5;0.5;1;2;2;1;0.5;0.5;1;1;2;2;Dangoroダンゴロ;Roggenrola;524;25;25;15;rock;;5
1;1;1;1;1;2;0.5;0.5;1;2;2;1;0.5;0.5;1;1;2;2;Gantleガントル;Boldore;525;50;40;20;rock;;5
1;1;1;1;1;2;0.5;0.5;1;2;2;1;0.5;0.5;1;1;2;2;Gigaiathギガイアス;Gigalith;526;60;80;25;rock;;5
1;2;1;2;1;0.25;1;1;2;0.5;0;2;1;1;0.5;2;1;1;Koromoriコロモリ;Woobat;527;55;43;72;psychic;flying;5
1;2;1;2;1;0.25;1;1;2;0.5;0;2;1;1;0.5;2;1;1;Kokoromoriココロモリ;Swoobat;528;77;55;114;psychic;flying;5
1;1;1;0;1;1;1;1;1;2;1;2;1;0.5;1;0.5;1;2;Mogurewモグリュー;Drilbur;529;30;45;68;ground;;5
0.5;1;0.5;0;0.5;2;2;0.5;1;1;2;1;0.5;0;0.5;0.25;0.5;2;Doryuzuドリュウズ;Excadrill;530;50;65;88;ground;steel;5
1;1;1;1;1;2;1;1;0;1;1;1;1;1;1;1;1;1;Tabunneタブンネ;Audino;531;80;126;50;normal;;5
0.5;0.5;1;1;2;1;1;2;1;1;1;1;1;1;2;0.5;1;1;Dokkorerドッコラー;Timburr;532;25;35;35;fighting;;5
0.5;0.5;1;1;2;1;1;2;1;1;1;1;1;1;2;0.5;1;1;Dotekkotsuドテッコツ;Gurdurr;533;40;50;40;fighting;;5
0.5;0.5;1;1;2;1;1;2;1;1;1;1;1;1;2;0.5;1;1;Roubushinローブシン;Conkeldurr;534;55;65;45;fighting;;5
1;1;1;2;1;1;0.5;1;1;2;1;0.5;1;1;1;1;0.5;0.5;Otamaroオタマロ;Tympole;535;50;40;64;water;;5
1;1;1;0;1;1;0.5;1;1;4;1;1;1;0.5;1;0.5;0.5;1;Gamagaruガマガル;Palpitoad;536;65;55;69;water;ground;5
1;1;1;0;1;1;0.5;1;1;4;1;1;1;0.5;1;0.5;0.5;1;Gamagerogeガマゲロゲ;Seismitoad;537;85;75;74;water;ground;5
0.5;0.5;1;1;2;1;1;2;1;1;1;1;1;1;2;0.5;1;1;Nagekiナゲキ;Throh;538;30;85;45;fighting;;5
0.5;0.5;1;1;2;1;1;2;1;1;1;1;1;1;2;0.5;1;1;Dagekiダゲキ;Sawk;539;30;75;85;fighting;;5
2;1;1;0.5;1;0.5;4;4;1;0.25;0.25;2;1;2;1;2;1;0.5;Kurumiruクルミル;Sewaddle;540;40;60;42;bug;grass;5
2;1;1;0.5;1;0.5;4;4;1;0.25;0.25;2;1;2;1;2;1;0.5;Kurumayuクルマユ;Swadloon;541;50;80;42;bug;grass;5
2;1;1;0.5;1;0.5;4;4;1;0.25;0.25;2;1;2;1;2;1;0.5;Hahakomoriハハコモリ;Leavanny;542;70;80;92;bug;grass;5
0.5;1;1;1;0.5;0.25;2;2;1;0.25;1;1;1;0.5;2;2;1;1;Fushideフシデ;Venipede;543;30;39;57;bug;poison;5
0.5;1;1;1;0.5;0.25;2;2;1;0.25;1;1;1;0.5;2;2;1;1;Wheegaホイーガ;Whirlipede;544;40;79;47;bug;poison;5
0.5;1;1;1;0.5;0.25;2;2;1;0.25;1;1;1;0.5;2;2;1;1;Pendrorペンドラー;Scolipede;545;55;69;112;bug;poison;5
1;0.5;0;0.5;1;0.5;2;2;1;0.5;0.5;2;1;4;1;1;2;0.5;Monmenモンメン;Cottonee;546;37;50;66;grass;fairy;5
1;0.5;0;0.5;1;0.5;2;2;1;0.5;0.5;2;1;4;1;1;2;0.5;Elfuunエルフーン;Whimsicott;547;77;75;116;grass;fairy;5
2;1;1;0.5;1;1;2;2;1;0.5;0.5;2;1;2;1;1;1;0.5;Churineチュリネ;Petilil;548;70;50;30;grass;;5
2;1;1;0.5;1;1;2;2;1;0.5;0.5;2;1;2;1;1;1;0.5;Dredearドレディア;Lilligant;549;110;75;90;grass;;5
1;1;1;2;1;1;0.5;1;1;2;1;0.5;1;1;1;1;0.5;0.5;Bassraoバスラオ;Basculin;550;80;55;98;water;;5
2;0.5;1;0;2;2;1;1;0.5;2;1;2;1;0.5;0;0.5;1;2;Megurocoメグロコ;Sandile;551;35;35;65;ground;dark;5
2;0.5;1;0;2;2;1;1;0.5;2;1;2;1;0.5;0;0.5;1;2;Waruvileワルビル;Krokorok;552;45;45;74;ground;dark;5
2;0.5;1;0;2;2;1;1;0.5;2;1;2;1;0.5;0;0.5;1;2;Waruvialワルビアル;Krookodile;553;65;70;92;ground;dark;5
0.5;1;1;1;0.5;1;0.5;1;1;0.5;2;0.5;1;1;1;2;0.5;2;Darumakkaダルマッカ;Darumaka;554;15;45;50;fire;;5
0.5;1;1;1;0.5;1;0.5;1;1;0.5;2;0.5;1;1;1;2;0.5;2;Hihidarumaヒヒダルマ;Darmanitan;555;140;105;55;fire;fire;5
2;1;1;0.5;1;1;2;2;1;0.5;0.5;2;1;2;1;1;1;0.5;Maracacchiマラカッチ;Maractus;556;106;67;60;grass;;5
1;1;1;1;1;1;1;1;1;1;1;1;0.5;0.5;1;2;2;2;Ishizumaiイシズマイ;Dwebble;557;35;35;55;bug;rock;5
1;1;1;1;1;1;1;1;1;1;1;1;0.5;0.5;1;2;2;2;Iwapalaceイワパレス;Crustle;558;65;75;45;bug;rock;5
1;0.25;1;1;4;2;1;2;0.5;1;1;1;1;1;0;0.5;1;1;Zurugguズルッグ;Scraggy;559;35;70;48;dark;fighting;5
1;0.25;1;1;4;2;1;2;0.5;1;1;1;1;1;0;0.5;1;1;Zuruzukinズルズキン;Scrafty;560;45;115;58;dark;fighting;5
1;2;1;2;1;0.25;1;1;2;0.5;0;2;1;1;0.5;2;1;1;Symbolerシンボラー;Sigilyph;561;103;80;97;psychic;flying;5
0.5;2;1;1;1;0;1;1;2;1;1;1;0;0.5;1;1;1;1;Desumasuデスマス;Yamask;562;55;65;30;ghost;;5
0.5;2;1;1;1;0;1;1;2;1;1;1;0;0.5;1;1;1;1;Desukarnデスカーン;Cofagrigus;563;95;105;30;ghost;;5
1;1;1;2;1;2;0.25;0.5;1;4;2;0.5;0.5;0.5;1;1;1;1;Protogaプロトーガ;Tirtouga;564;53;45;22;water;rock;5
1;1;1;2;1;2;0.25;0.5;1;4;2;0.5;0.5;0.5;1;1;1;1;Abagouraアバゴーラ;Carracosta;565;83;65;32;water;rock;5
0.5;1;1;2;1;1;0.5;0.5;1;1;0;2;0.5;0.5;1;2;2;2;Archenアーケン;Archen;566;74;45;70;rock;flying;5
0.5;1;1;2;1;1;0.5;0.5;1;1;0;2;0.5;0.5;1;2;2;2;Archeosアーケオス;Archeops;567;112;65;110;rock;flying;5
0.5;1;1;1;0.5;0.5;1;1;1;0.5;2;1;1;0.5;2;1;1;1;Yabukuronヤブクロン;Trubbish;568;40;62;65;poison;;5
0.5;1;1;1;0.5;0.5;1;1;1;0.5;2;1;1;0.5;2;1;1;1;Dustdasダストダス;Garbodor;569;60;82;75;poison;;5
2;0.5;1;1;2;2;1;1;0.5;1;1;1;1;1;0;1;1;1;Zoruaゾロア;Zorua;570;80;40;65;dark;;5
2;0.5;1;1;2;2;1;1;0.5;1;1;1;1;1;0;1;1;1;Zoroarkゾロアーク;Zoroark;571;120;60;105;dark;;5
1;1;1;1;1;2;1;1;0;1;1;1;1;1;1;1;1;1;Chillarmyチラーミィ;Minccino;572;40;40;75;normal;;5
1;1;1;1;1;2;1;1;0;1;1;1;1;1;1;1;1;1;Chillaccinoチラチーノ;Cinccino;573;65;60;115;normal;;5
2;2;1;1;1;0.5;1;1;2;1;1;1;1;1;0.5;1;1;1;Gothimuゴチム;Gothita;574;55;65;45;psychic;;5
2;2;1;1;1;0.5;1;1;2;1;1;1;1;1;0.5;1;1;1;Gothimiruゴチミル;Gothorita;575;75;85;55;psychic;;5
2;2;1;1;1;0.5;1;1;2;1;1;1;1;1;0.5;1;1;1;Gothiruselleゴチルゼル;Gothitelle;576;95;110;65;psychic;;5
2;2;1;1;1;0.5;1;1;2;1;1;1;1;1;0.5;1;1;1;Uniranユニラン;Solosis;577;105;50;20;psychic;;5
2;2;1;1;1;0.5;1;1;2;1;1;1;1;1;0.5;1;1;1;Doublanダブラン;Duosion;578;125;60;30;psychic;;5
2;2;1;1;1;0.5;1;1;2;1;1;1;1;1;0.5;1;1;1;Lanculusランクルス;Reuniclus;579;125;85;30;psychic;;5
0.5;1;1;4;1;0.5;0.5;1;1;1;0;1;1;1;1;2;0.5;0.5;Koaruhieコアルヒー;Ducklett;580;44;50;55;water;flying;5
0.5;1;1;4;1;0.5;0.5;1;1;1;0;1;1;1;1;2;0.5;0.5;Swannaスワンナ;Swanna;581;87;63;98;water;flying;5
1;1;1;1;1;2;2;1;1;1;1;0.5;1;1;1;2;2;1;Vanipetiバニプッチ;Vanillite;582;65;60;44;ice;;5
1;1;1;1;1;2;2;1;1;1;1;0.5;1;1;1;2;2;1;Vanirichバニリッチ;Vanillish;583;80;75;59;ice;;5
1;1;1;1;1;2;2;1;1;1;1;0.5;1;1;1;2;2;1;Baivanillaバイバニラ;Vanilluxe;584;110;95;79;ice;;5
2;1;1;0.5;1;2;2;2;0;0.5;0.5;2;1;2;1;1;1;0.5;Shikijikaシキジカ;Deerling;585;40;50;75;normal;grass;5
2;1;1;0.5;1;2;2;2;0;0.5;0.5;2;1;2;1;1;1;0.5;Mebukijikaメブキジカ;Sawsbuck;586;60;70;95;normal;grass;5
0.5;1;1;1;1;0.5;1;0.5;1;0.5;0;2;1;1;1;2;0.5;1;Emongaエモンガ;Emolga;587;75;60;103;electric;flying;5
1;1;1;1;1;0.5;2;2;1;0.5;0.5;1;1;1;1;2;1;1;Kaburumoカブルモ;Karrablast;588;40;45;60;bug;;5
0.5;1;0.5;1;0.5;1;4;1;1;0.25;1;0.5;0.5;0;0.5;1;0.5;1;Chevargoシュバルゴ;Escavalier;589;60;105;20;bug;steel;5
1;1;1;0.5;0.5;0.5;2;2;1;0.25;1;2;1;1;2;1;1;0.5;Tamagetakeタマゲタケ;Foongus;590;55;55;15;grass;poison;5
1;1;1;0.5;0.5;0.5;2;2;1;0.25;1;2;1;1;2;1;1;0.5;Morobareruモロバレル;Amoonguss;591;85;80;30;grass;poison;5
0.5;2;1;2;1;0;0.5;1;2;2;1;0.5;0;0.5;1;1;0.5;0.5;Pururillプルリル;Frillish;592;65;85;40;water;ghost;5
0.5;2;1;2;1;0;0.5;1;2;2;1;0.5;0;0.5;1;1;0.5;0.5;Burungelブルンゲル;Jellicent;593;85;105;60;water;ghost;5
1;1;1;2;1;1;0.5;1;1;2;1;0.5;1;1;1;1;0.5;0.5;Mamanbouママンボウ;Alomomola;594;40;45;65;water;;5
1;1;1;0.5;1;0.5;2;1;1;0.5;1;1;1;1;1;2;0.5;1;Bachuruバチュル;Joltik;595;57;50;65;bug;electric;5
1;1;1;0.5;1;0.5;2;1;1;0.5;1;1;1;1;1;2;0.5;1;Dentulaデンチュラ;Galvantula;596;97;60;108;bug;electric;5
1;1;0.5;0.5;0.5;2;4;1;1;0.25;1;1;0.5;0;0.5;0.5;0.5;0.5;Tesseedテッシード;Ferroseed;597;24;86;10;grass;steel;5
1;1;0.5;0.5;0.5;2;4;1;1;0.25;1;1;0.5;0;0.5;0.5;0.5;0.5;Nutreyナットレイ;Ferrothorn;598;54;116;20;grass;steel;5
0.5;1;0.5;1;0.5;2;2;0.5;1;0.5;2;0.5;0.5;0;0.5;0.5;0.5;1;Giaruギアル;Klink;599;45;60;30;steel;;5
0.5;1;0.5;1;0.5;2;2;0.5;1;0.5;2;0.5;0.5;0;0.5;0.5;0.5;1;Gigiaruギギアル;Klang;600;70;85;50;steel;;5
0.5;1;0.5;1;0.5;2;2;0.5;1;0.5;2;0.5;0.5;0;0.5;0.5;0.5;1;Gigigiaruギギギアル;Klinklang;601;70;85;90;steel;;5
1;1;1;0.5;1;1;1;0.5;1;1;2;1;1;1;1;1;0.5;1;Shibishirasuシビシラス;Tynamo;602;45;40;60;electric;;5
1;1;1;0.5;1;1;1;0.5;1;1;2;1;1;1;1;1;0.5;1;Shibibeelシビビール;Eelektrik;603;75;70;40;electric;;5
1;1;1;0.5;1;1;1;0.5;1;1;2;1;1;1;1;1;0.5;1;Shibirudonシビルドン;Eelektross;604;105;80;50;electric;;5
2;2;1;1;1;0.5;1;1;2;1;1;1;1;1;0.5;1;1;1;Ligrayリグレー;Elgyem;605;85;55;30;psychic;;5
2;2;1;1;1;0.5;1;1;2;1;1;1;1;1;0.5;1;1;1;Ohbemオーベム;Beheeyem;606;125;95;40;psychic;;5
0.25;2;1;1;0.5;0;0.5;1;2;0.5;2;0.5;0;0.5;1;2;0.5;2;Hitomoshiヒトモシ;Litwick;607;65;55;20;ghost;fire;5
0.25;2;1;1;0.5;0;0.5;1;2;0.5;2;0.5;0;0.5;1;2;0.5;2;Lamplerランプラー;Lampent;608;95;60;55;ghost;fire;5
0.25;2;1;1;0.5;0;0.5;1;2;0.5;2;0.5;0;0.5;1;2;0.5;2;Chandelaシャンデラ;Chandelure;609;145;90;80;ghost;fire;5
1;1;2;0.5;2;1;0.5;1;1;0.5;1;2;1;1;1;1;1;0.5;Kibagoキバゴ;Axew;610;30;40;57;dragon;;5
1;1;2;0.5;2;1;0.5;1;1;0.5;1;2;1;1;1;1;1;0.5;Onondoオノンド;Fraxure;611;40;50;67;dragon;;5
1;1;2;0.5;2;1;0.5;1;1;0.5;1;2;1;1;1;1;1;0.5;Ononokusオノノクス;Haxorus;612;60;70;97;dragon;;5
1;1;1;1;1;2;2;1;1;1;1;0.5;1;1;1;2;2;1;Kumasyunクマシュン;Cubchoo;613;60;40;40;ice;;5
1;1;1;1;1;2;2;1;1;1;1;0.5;1;1;1;2;2;1;Tunbearツンベアー;Beartic;614;70;80;50;ice;;5
1;1;1;1;1;2;2;1;1;1;1;0.5;1;1;1;2;2;1;Freegeoフリージオ;Cryogonal;615;95;135;105;ice;;5
1;1;1;1;1;0.5;2;2;1;0.5;0.5;1;1;1;1;2;1;1;Chobomakiチョボマキ;Shelmet;616;40;65;25;bug;;5
1;1;1;1;1;0.5;2;2;1;0.5;0.5;1;1;1;1;2;1;1;Agilderアギルダー;Accelgor;617;100;60;145;bug;;5
1;1;1;0;1;1;1;0.5;1;2;2;2;1;0.5;1;0.5;0.5;2;Maggyoマッギョ;Stunfisk;618;81;99;32;ground;electric;5
0.5;0.5;1;1;2;1;1;2;1;1;1;1;1;1;2;0.5;1;1;Kojofuコジョフー;Mienfoo;619;55;50;65;fighting;;5
0.5;0.5;1;1;2;1;1;2;1;1;1;1;1;1;2;0.5;1;1;Kojondoコジョンド;Mienshao;620;95;60;105;fighting;;5
1;1;2;0.5;2;1;0.5;1;1;0.5;1;2;1;1;1;1;1;0.5;Crimganクリムガン;Druddigon;621;60;90;48;dragon;;5
0.5;2;1;0;1;0;1;1;2;2;1;2;0;0.25;1;0.5;1;2;Gobitゴビット;Golett;622;35;50;35;ground;ghost;5
0.5;2;1;0;1;0;1;1;2;2;1;2;0;0.25;1;0.5;1;2;Goloogゴルーグ;Golurk;623;55;80;55;ground;ghost;5
1;0.5;0.5;1;1;4;2;0.5;0.5;0.5;2;0.5;0.5;0;0;0.5;0.5;1;Komatanaコマタナ;Pawniard;624;40;40;60;dark;steel;5
1;0.5;0.5;1;1;4;2;0.5;0.5;0.5;2;0.5;0.5;0;0;0.5;0.5;1;Kirikizanキリキザン;Bisharp;625;60;70;70;dark;steel;5
1;1;1;1;1;2;1;1;0;1;1;1;1;1;1;1;1;1;Buffronバッフロン;Bouffalant;626;40;95;55;normal;;5
0.5;1;1;2;1;1;1;1;0;0.5;0;2;1;1;1;2;1;1;Washibonワシボン;Rufflet;627;37;50;60;normal;flying;5
0.5;1;1;2;1;1;1;1;0;0.5;0;2;1;1;1;2;1;1;Warrgleウォーグル;Braviary;628;57;75;80;normal;flying;5
1;0.5;1;2;2;1;1;1;0.5;0.5;0;2;1;1;0;2;1;1;Valchaiバルチャイ;Vullaby;629;45;65;60;dark;flying;5
1;0.5;1;2;2;1;1;1;0.5;0.5;0;2;1;1;0;2;1;1;Vulginaバルジーナ;Mandibuzz;630;55;95;80;dark;flying;5
0.5;1;1;1;0.5;1;0.5;1;1;0.5;2;0.5;1;1;1;2;0.5;2;Kuitaranクイタラン;Heatmor;631;105;66;65;fire;;5
0.5;1;0.5;1;0.5;1;4;1;1;0.25;1;0.5;0.5;0;0.5;1;0.5;1;Aiantアイアント;Durant;632;48;48;109;bug;steel;5
2;0.5;2;0.5;4;2;0.5;1;0.5;0.5;1;2;1;1;0;1;1;0.5;Monozuモノズ;Deino;633;45;50;38;dark;dragon;5
2;0.5;2;0.5;4;2;0.5;1;0.5;0.5;1;2;1;1;0;1;1;0.5;Diheadジヘッド;Zweilous;634;65;70;58;dark;dragon;5
2;0.5;2;0.5;4;2;0.5;1;0.5;0.5;1;2;1;1;0;1;1;0.5;Sazandoraサザンドラ;Hydreigon;635;125;90;98;dark;dragon;5
0.5;1;1;1;0.5;0.5;1;2;1;0.25;1;0.5;1;1;1;4;0.5;2;Merlarvaメラルバ;Larvesta;636;50;55;60;bug;fire;5
0.5;1;1;1;0.5;0.5;1;2;1;0.25;1;0.5;1;1;1;4;0.5;2;Ulgamothウルガモス;Volcarona;637;135;105;100;bug;fire;5
0.25;0.5;0.5;1;1;2;2;1;1;0.5;2;0.5;0.5;0;1;0.25;0.5;1;Cobalonコバルオン;Cobalion;638;90;72;108;steel;fighting;5
0.5;0.5;1;1;2;2;0.5;1;1;2;2;1;0.5;0.5;2;0.5;2;2;Terrakionテラキオン;Terrakion;639;72;90;108;rock;fighting;5
1;0.5;1;0.5;2;1;2;4;1;0.5;0.5;2;1;2;2;0.5;1;0.5;Virizionビリジオン;Virizion;640;90;129;108;grass;fighting;5
0.5;1;1;2;1;0.5;1;1;1;0.5;0;2;1;1;1;2;1;1;Tornelos (keshin Forme)トルネロス;Tornadus;641;110;90;121;flying;;5
0.5;1;1;1;1;0.5;1;0.5;1;0.5;0;2;1;1;1;2;0.5;1;Voltolos (keshin Forme)ボルトロス;Thundurus;642;145;80;101;electric;flying;5
0.5;1;2;0.5;1;1;0.25;1;1;0.25;2;1;1;1;1;2;0.5;1;Reshiramレシラム;Reshiram;643;150;120;90;dragon;fire;5
1;1;2;0.25;2;1;0.5;0.5;1;0.5;2;2;1;1;1;1;0.5;0.5;Zekromゼクロム;Zekrom;644;120;100;90;dragon;electric;5
0.5;1;1;0;1;0.5;1;1;1;1;0;4;1;0.5;1;1;1;2;Landlos (keshin Forme)ランドロス;Landorus;645;105;80;91;ground;flying;5
1;1;2;0.5;2;2;1;1;1;0.5;1;1;1;1;1;2;2;0.5;Kyuremキュレム;Kyurem;646;170;100;95;dragon;ice;5
0.5;0.5;1;2;2;1;0.5;2;1;2;1;0.5;1;1;2;0.5;0.5;0.5;Keldeo (itsumo No Sugata)ケルディオ;Keldeo;647;129;90;108;water;fighting;5
2;2;1;1;1;1;1;1;0;1;1;1;1;1;0.5;1;1;1;Meloetta (step Forme)メロエッタ;Meloetta;648;77;77;128;normal;psychic;5
0.5;1;0.5;1;0.5;1;4;1;1;0.25;1;0.5;0.5;0;0.5;1;0.5;1;Genesectゲノセクト;Genesect;649;120;95;99;bug;steel;5
2;1;1;0.5;1;1;2;2;1;0.5;0.5;2;1;2;1;1;1;0.5;Harimaronハリマロン;Chespin;650;48;45;38;grass;;6
2;1;1;0.5;1;1;2;2;1;0.5;0.5;2;1;2;1;1;1;0.5;Hariborgハリボーグ;Quilladin;651;56;58;57;grass;;6
1;0.5;1;0.5;2;1;2;4;1;0.5;0.5;2;1;2;2;0.5;1;0.5;Brigarronブリガロン;Chesnaught;652;74;75;64;grass;fighting;6
0.5;1;1;1;0.5;1;0.5;1;1;0.5;2;0.5;1;1;1;2;0.5;2;Fokkoフォッコ;Fennekin;653;62;60;60;fire;;6
0.5;1;1;1;0.5;1;0.5;1;1;0.5;2;0.5;1;1;1;2;0.5;2;Tairenarテールナー;Braixen;654;90;70;73;fire;;6
1;2;1;1;0.5;0.5;0.5;1;2;0.5;2;0.5;1;1;0.5;2;0.5;2;Mahoxyマフォクシー;Delphox;655;114;100;104;fire;psychic;6
1;1;1;2;1;1;0.5;1;1;2;1;0.5;1;1;1;1;0.5;0.5;Keromatsuケロマツ;Froakie;656;62;44;71;water;;6
1;1;1;2;1;1;0.5;1;1;2;1;0.5;1;1;1;1;0.5;0.5;Gekogashiraゲコガシラ;Frogadier;657;83;56;97;water;;6
2;0.5;1;2;2;2;0.5;1;0.5;2;1;0.5;1;1;0;1;0.5;0.5;Gekkougaゲッコウガ;Greninja;658;153;71;132;water;dark;6
1;1;1;1;1;2;1;1;0;1;1;1;1;1;1;1;1;1;Horubeeホルビー;Bunnelby;659;32;36;57;normal;;6
1;1;1;0;1;2;1;1;0;2;1;2;1;0.5;1;0.5;1;2;Horudoホルード;Diggersby;660;50;77;78;normal;ground;6
0.5;1;1;2;1;1;1;1;0;0.5;0;2;1;1;1;2;1;1;Yayakomaヤヤコマ;Fletchling;661;40;38;62;normal;flying;6
0.25;1;1;2;0.5;0.5;0.5;1;1;0.25;0;1;1;1;1;4;0.5;2;Hinoyakomaヒノヤコマ;Fletchinder;662;56;52;84;fire;flying;6
0.25;1;1;2;0.5;0.5;0.5;1;1;0.25;0;1;1;1;1;4;0.5;2;Fiarrowファイアロー;Talonflame;663;74;69;126;fire;flying;6
1;1;1;1;1;0.5;2;2;1;0.5;0.5;1;1;1;1;2;1;1;Kofukimushiコフキムシ;Scatterbug;664;27;25;35;bug;;6
1;1;1;1;1;0.5;2;2;1;0.5;0.5;1;1;1;1;2;1;1;Kofuuraiコフーライ;Spewpa;665;27;30;29;bug;;6
0.5;1;1;2;1;0.25;2;2;1;0.25;0;2;1;1;1;4;1;1;Viviyonビビヨン;Vivillon;666;90;50;89;bug;flying;6
0.5;1;1;1;0.5;2;0.5;1;0;0.5;2;0.5;1;1;1;2;0.5;2;Shishikoシシコ;Litleo;667;73;54;72;fire;normal;6
0.5;1;1;1;0.5;2;0.5;1;0;0.5;2;0.5;1;1;1;2;0.5;2;Kaenjishiカエンジシ;Pyroar;668;109;66;106;fire;normal;6
0.5;0.5;0;1;1;0.5;1;1;1;1;1;1;1;2;1;1;2;1;Flabebeフラベベ;Flabébé;669;61;79;42;fairy;;6
0.5;0.5;0;1;1;0.5;1;1;1;1;1;1;1;2;1;1;2;1;Floetteフラエッテ;Floette;670;125;128;92;fairy;;6
0.5;0.5;0;1;1;0.5;1;1;1;1;1;1;1;2;1;1;2;1;Florgesフラージェス;Florges;671;112;154;75;fairy;;6
2;1;1;0.5;1;1;2;2;1;0.5;0.5;2;1;2;1;1;1;0.5;Meecleメェークル;Skiddo;672;62;57;52;grass;;6
2;1;1;0.5;1;1;2;2;1;0.5;0.5;2;1;2;1;1;1;0.5;Gogoatゴーゴート;Gogoat;673;97;81;68;grass;;6
0.5;0.5;1;1;2;1;1;2;1;1;1;1;1;1;2;0.5;1;1;Yanchamヤンチャム;Pancham;674;46;48;43;fighting;;6
1;0.25;1;1;4;2;1;2;0.5;1;1;1;1;1;0;0.5;1;1;Gorondaゴロンダ;Pangoro;675;69;71;58;fighting;dark;6
1;1;1;1;1;2;1;1;0;1;1;1;1;1;1;1;1;1;Trimmienトリミアン;Furfrou;676;65;90;102;normal;;6
2;2;1;1;1;0.5;1;1;2;1;1;1;1;1;0.5;1;1;1;Nyasperニャスパー;Espurr;677;63;60;68;psychic;;6
2;2;1;1;1;0.5;1;1;2;1;1;1;1;1;0.5;1;1;1;Nyaonixニャオニクス;Meowstic;678;83;81;104;psychic;;6
0.25;2;0.5;1;0.5;0;2;0.5;2;0.5;2;0.5;0;0;0.5;0.5;0.5;1;Hitotsukiヒトツキ;Honedge;679;35;37;28;steel;ghost;6
0.25;2;0.5;1;0.5;0;2;0.5;2;0.5;2;0.5;0;0;0.5;0.5;0.5;1;Nidangillニダンギル;Doublade;680;45;49;35;steel;ghost;6
0.25;2;0.5;1;0.5;0;2;0.5;2;0.5;2;0.5;0;0;0.5;0.5;0.5;1;Gillgardギルガルド;Aegislash;681;150;50;60;steel;ghost;6
0.5;0.5;0;1;1;0.5;1;1;1;1;1;1;1;2;1;1;2;1;Shushupuシュシュプ;Spritzee;682;63;65;23;fairy;;6
0.5;0.5;0;1;1;0.5;1;1;1;1;1;1;1;2;1;1;2;1;Frefuwanフレフワン;Aromatisse;683;99;89;29;fairy;;6
0.5;0.5;0;1;1;0.5;1;1;1;1;1;1;1;2;1;1;2;1;Peroppafuペロッパフ;Swirlix;684;59;57;49;fairy;;6
0.5;0.5;0;1;1;0.5;1;1;1;1;1;1;1;2;1;1;2;1;Peroreamペロリーム;Slurpuff;685;85;75;72;fairy;;6
4;1;1;1;2;1;1;1;1;1;1;1;1;1;0;1;1;1;Maaiikaマーイーカ;Inkay;686;37;46;45;dark;psychic;6
4;1;1;1;2;1;1;1;1;1;1;1;1;1;0;1;1;1;Calamaneroカラマネロ;Malamar;687;68;75;73;dark;psychic;6
1;1;1;2;1;2;0.25;0.5;1;4;2;0.5;0.5;0.5;1;1;1;1;Kameteteカメテテ;Binacle;688;39;56;50;rock;water;6
1;1;1;2;1;2;0.25;0.5;1;4;2;0.5;0.5;0.5;1;1;1;1;Gamenodesガメノデス;Barbaracle;689;54;86;68;rock;water;6
0.5;1;1;2;0.5;0.5;0.5;1;1;1;2;0.5;1;0.5;2;1;0.5;0.5;Kuzumoクズモー;Skrelp;690;60;60;30;poison;water;6
0.5;1;2;0.5;1;0.5;0.5;1;1;0.25;2;2;1;0.5;2;1;1;0.5;Dramidoroドラミドロ;Dragalge;691;97;123;44;poison;dragon;6
1;1;1;2;1;1;0.5;1;1;2;1;0.5;1;1;1;1;0.5;0.5;Udeppouウデッポウ;Clauncher;692;58;63;44;water;;6
1;1;1;2;1;1;0.5;1;1;2;1;0.5;1;1;1;1;0.5;0.5;Blosterブロスター;Clawitzer;693;120;89;59;water;;6
1;1;1;0.5;1;2;1;0.5;0;1;2;1;1;1;1;1;0.5;1;Erikiteruエリキテル;Helioptile;694;61;43;70;electric;normal;6
1;1;1;0.5;1;2;1;0.5;0;1;2;1;1;1;1;1;0.5;1;Elezardエレザード;Heliolisk;695;109;94;109;electric;normal;6
1;1;2;0.5;2;2;0.25;0.5;1;1;2;2;0.5;0.5;1;1;2;1;Chigorasチゴラス;Tyrunt;696;45;45;48;rock;dragon;6
1;1;2;0.5;2;2;0.25;0.5;1;1;2;2;0.5;0.5;1;1;2;1;Gachigorasガチゴラス;Tyrantrum;697;69;59;71;rock;dragon;6
1;1;1;1;1;4;1;0.5;1;2;2;0.5;0.5;0.5;1;2;4;2;Amarusアマルス;Amaura;698;67;63;46;rock;ice;6
1;1;1;1;1;4;1;0.5;1;2;2;0.5;0.5;0.5;1;2;4;2;Amarurugaアマルルガ;Aurorus;699;99;92;58;rock;ice;6
0.5;0.5;0;1;1;0.5;1;1;1;1;1;1;1;2;1;1;2;1;Nymphiaニンフィア;Sylveon;700;110;130;60;fairy;;6
0.25;0.5;1;2;2;0.5;1;2;1;0.5;0;2;1;1;2;1;1;1;Luchabullルチャブル;Hawlucha;701;74;63;118;fighting;flying;6
0.5;0.5;0;0.5;1;0.5;1;0.5;1;1;2;1;1;2;1;1;1;1;Dedenneデデンネ;Dedenne;702;81;67;101;electric;fairy;6
0.5;0.5;0;1;1;1;0.5;0.5;1;2;2;1;0.5;1;1;1;4;2;Melecieメレシー;Carbink;703;50;150;50;rock;fairy;6
1;1;2;0.5;2;1;0.5;1;1;0.5;1;2;1;1;1;1;1;0.5;Numeraヌメラ;Goomy;704;55;75;40;dragon;;6
1;1;2;0.5;2;1;0.5;1;1;0.5;1;2;1;1;1;1;1;0.5;Numeilヌメイル;Sliggoo;705;83;113;60;dragon;;6
1;1;2;0.5;2;1;0.5;1;1;0.5;1;2;1;1;1;1;1;0.5;Numelgonヌメルゴン;Goodra;706;110;150;80;dragon;;6
0.25;0.5;0;1;0.5;1;2;0.5;1;0.5;2;0.5;0.5;0;0.5;0.5;1;1;Cleffyクレッフィ;Klefki;707;80;87;75;steel;fairy;6
1;2;1;0.5;1;0;2;2;2;0.5;0.5;2;0;1;1;1;1;0.5;Bokureiボクレー;Phantump;708;50;60;38;ghost;grass;6
1;2;1;0.5;1;0;2;2;2;0.5;0.5;2;0;1;1;1;1;0.5;Ohrotオーロット;Trevenant;709;65;82;56;ghost;grass;6
1;2;1;0.5;1;0;2;2;2;0.5;0.5;2;0;1;1;1;1;0.5;Bakecchaバケッチャ;Pumpkaboo;710;44;55;41;ghost;grass;6
1;2;1;0.5;1;0;2;2;2;0.5;0.5;2;0;1;1;1;1;0.5;Pumpjinパンプジン;Gourgeist;711;58;75;54;ghost;grass;6
1;1;1;1;1;2;2;1;1;1;1;0.5;1;1;1;2;2;1;Kachikohruカチコール;Bergmite;712;32;35;28;ice;;6
1;1;1;1;1;2;2;1;1;1;1;0.5;1;1;1;2;2;1;Crebaseクレベース;Avalugg;713;44;46;28;ice;;6
0.5;1;2;1;2;0.5;0.5;1;1;0.25;0;4;1;1;1;2;1;0.5;Onbatオンバット;Noibat;714;45;40;55;flying;dragon;6
0.5;1;2;1;2;0.5;0.5;1;1;0.25;0;4;1;1;1;2;1;0.5;Onvernオンバーン;Noivern;715;97;80;123;flying;dragon;6
0.5;0.5;0;1;1;0.5;1;1;1;1;1;1;1;2;1;1;2;1;Xerneasゼルネアス;Xerneas;716;131;98;99;fairy;;6
1;0.5;1;2;2;1;1;1;0.5;0.5;0;2;1;1;0;2;1;1;Yveltalイベルタル;Yveltal;717;131;98;99;dark;flying;6
1;1;2;0;2;1;0.5;1;1;1;1;4;1;0.5;1;0.5;1;1;Zygarde (10% Forme)ジガルデ;Zygarde;718;91;95;85;dragon;ground;6
0.5;0.5;0;1;1;1;0.5;0.5;1;2;2;1;0.5;1;1;1;4;2;Diancieディアンシー;Diancie;719;160;110;110;rock;fairy;6
1;4;1;1;1;0;1;1;4;1;1;1;0;0.5;0.5;1;1;1;Hoopa (imashimerareshi Hoopa)フーパ;Hoopa;720;170;130;80;psychic;ghost;6
0.5;1;1;2;0.5;1;0.25;1;1;1;2;0.25;1;1;1;2;0.25;1;Volcanionボルケニオン;Volcanion;721;130;90;70;fire;water;6
1;1;1;1;1;0.5;2;2;1;0.25;0;4;1;2;1;2;1;0.5;Mokurohモクロー;Rowlet;722;50;50;42;grass;flying;7
1;1;1;1;1;0.5;2;2;1;0.25;0;4;1;2;1;2;1;0.5;Fukuthrowフクスロー;Dartrix;723;70;70;52;grass;flying;7
1;2;1;0.5;1;0;2;2;2;0.5;0.5;2;0;1;1;1;1;0.5;Junaiperジュナイパー;Decidueye;724;100;100;70;grass;ghost;7
0.5;1;1;1;0.5;1;0.5;1;1;0.5;2;0.5;1;1;1;2;0.5;2;Nyabbyニャビー;Litten;725;60;40;70;fire;;7
0.5;1;1;1;0.5;1;0.5;1;1;0.5;2;0.5;1;1;1;2;0.5;2;Nyaheatニャヒート;Torracat;726;80;50;90;fire;;7
1;0.5;1;1;1;2;0.5;1;0.5;0.5;2;0.5;1;1;0;2;0.5;2;Gaogaenガオガエン;Incineroar;727;80;90;60;fire;dark;7
1;1;1;2;1;1;0.5;1;1;2;1;0.5;1;1;1;1;0.5;0.5;Ashimariアシマリ;Popplio;728;66;56;40;water;;7
1;1;1;2;1;1;0.5;1;1;2;1;0.5;1;1;1;1;0.5;0.5;Osyamariオシャマリ;Brionne;729;91;81;50;water;;7
0.5;0.5;0;2;1;0.5;0.5;1;1;2;1;0.5;1;2;1;1;1;0.5;Ashireneアシレーヌ;Primarina;730;126;116;60;water;fairy;7
0.5;1;1;2;1;1;1;1;0;0.5;0;2;1;1;1;2;1;1;Tsutsukeraツツケラ;Pikipek;731;30;30;65;normal;flying;7
0.5;1;1;2;1;1;1;1;0;0.5;0;2;1;1;1;2;1;1;Kerarappaケララッパ;Trumbeak;732;40;50;75;normal;flying;7
0.5;1;1;2;1;1;1;1;0;0.5;0;2;1;1;1;2;1;1;Dodekabashiドデカバシ;Toucannon;733;75;75;60;normal;flying;7
1;1;1;1;1;2;1;1;0;1;1;1;1;1;1;1;1;1;Youngooseヤングース;Yungoos;734;30;30;45;normal;;7
1;1;1;1;1;2;1;1;0;1;1;1;1;1;1;1;1;1;Dekagooseデカグース;Gumshoos;735;55;60;45;normal;;7
1;1;1;1;1;0.5;2;2;1;0.5;0.5;1;1;1;1;2;1;1;Agojimushiアゴジムシ;Grubbin;736;55;45;46;bug;;7
1;1;1;0.5;1;0.5;2;1;1;0.5;1;1;1;1;1;2;0.5;1;Dendimushiデンヂムシ;Charjabug;737;55;75;36;bug;electric;7
1;1;1;0.5;1;0.5;2;1;1;0.5;1;1;1;1;1;2;0.5;1;Kuwagannonクワガノン;Vikavolt;738;145;75;43;bug;electric;7
0.5;0.5;1;1;2;1;1;2;1;1;1;1;1;1;2;0.5;1;1;Makenkaniマケンカニ;Crabrawler;739;42;47;63;fighting;;7
0.5;0.5;1;1;2;2;2;2;1;1;1;0.5;1;1;2;1;2;1;Kekenkaniケケンカニ;Crabominable;740;62;67;43;fighting;ice;7
0.25;1;1;2;0.5;0.5;0.5;1;1;0.25;0;1;1;1;1;4;0.5;2;Odoridori (pachipachi Style)オドリドリ;Oricorio;741;98;70;93;fire;flying;7
0.5;0.5;0;1;1;0.25;2;2;1;0.5;0.5;1;1;2;1;2;2;1;Abulyアブリー;Cutiefly;742;55;40;84;bug;fairy;7
0.5;0.5;0;1;1;0.25;2;2;1;0.5;0.5;1;1;2;1;2;2;1;Aburibbonアブリボン;Ribombee;743;95;70;124;bug;fairy;7
1;1;1;1;1;2;0.5;0.5;1;2;2;1;0.5;0.5;1;1;2;2;Iwankoイワンコ;Rockruff;744;30;40;60;rock;;7
1;1;1;1;1;2;0.5;0.5;1;2;2;1;0.5;0.5;1;1;2;2;Lugarugan (mahiru No Sugata)ルガルガン;Lycanroc;745;55;75;82;rock;;7
1;1;1;2;1;1;0.5;1;1;2;1;0.5;1;1;1;1;0.5;0.5;Yowashi (tandoku No Sugata)ヨワシ;Wishiwashi;746;140;135;30;water;;7
0.5;1;1;2;0.5;0.5;0.5;1;1;1;2;0.5;1;0.5;2;1;0.5;0.5;Hidoideヒドイデ;Mareanie;747;43;52;45;poison;water;7
0.5;1;1;2;0.5;0.5;0.5;1;1;1;2;0.5;1;0.5;2;1;0.5;0.5;Dohidoideドヒドイデ;Toxapex;748;53;142;35;poison;water;7
1;1;1;0;1;1;1;1;1;2;1;2;1;0.5;1;0.5;1;2;Dorobankoドロバンコ;Mudbray;749;45;55;45;ground;;7
1;1;1;0;1;1;1;1;1;2;1;2;1;0.5;1;0.5;1;2;Banbadoroバンバドロ;Mudsdale;750;55;85;35;ground;;7
1;1;1;2;1;0.5;1;2;1;1;0.5;0.5;1;1;1;2;0.5;0.5;Shizukumoシズクモ;Dewpider;751;40;72;27;water;bug;7
1;1;1;2;1;0.5;1;2;1;1;0.5;0.5;1;1;1;2;0.5;0.5;Onishizukumoオニシズクモ;Araquanid;752;50;132;42;water;bug;7
2;1;1;0.5;1;1;2;2;1;0.5;0.5;2;1;2;1;1;1;0.5;Karikiriカリキリ;Fomantis;753;50;35;35;grass;;7
2;1;1;0.5;1;1;2;2;1;0.5;0.5;2;1;2;1;1;1;0.5;Lalantesラランテス;Lurantis;754;80;90;45;grass;;7
1;0.5;0;0.5;1;0.5;2;2;1;0.5;0.5;2;1;4;1;1;2;0.5;Nemasyuネマシュ;Morelull;755;65;75;15;grass;fairy;7
1;0.5;0;0.5;1;0.5;2;2;1;0.5;0.5;2;1;4;1;1;2;0.5;Mashadeマシェード;Shiinotic;756;90;100;30;grass;fairy;7
0.25;1;1;1;0.25;0.5;0.5;1;1;0.25;4;0.5;1;0.5;2;2;0.5;2;Yatoumoriヤトウモリ;Salandit;757;71;40;77;poison;fire;7
0.25;1;1;1;0.25;0.5;0.5;1;1;0.25;4;0.5;1;0.5;2;2;0.5;2;Ennewtエンニュート;Salazzle;758;111;60;117;poison;fire;7
0.5;0.5;1;1;2;2;1;2;0;1;1;1;1;1;2;0.5;1;1;Nuikogumaヌイコグマ;Stufful;759;45;50;50;normal;fighting;7
0.5;0.5;1;1;2;2;1;2;0;1;1;1;1;1;2;0.5;1;1;Kiterugumaキテルグマ;Bewear;760;55;60;60;normal;fighting;7
2;1;1;0.5;1;1;2;2;1;0.5;0.5;2;1;2;1;1;1;0.5;Amakajiアマカジ;Bounsweet;761;30;38;32;grass;;7
2;1;1;0.5;1;1;2;2;1;0.5;0.5;2;1;2;1;1;1;0.5;Amamaikoアママイコ;Steenee;762;40;48;62;grass;;7
2;1;1;0.5;1;1;2;2;1;0.5;0.5;2;1;2;1;1;1;0.5;Amajoアマージョ;Tsareena;763;50;98;72;grass;;7
0.5;0.5;0;1;1;0.5;1;1;1;1;1;1;1;2;1;1;2;1;Cuwawaキュワワー;Comfey;764;82;110;100;fairy;;7
2;2;1;1;1;1;1;1;0;1;1;1;1;1;0.5;1;1;1;Yareyuutanヤレユータン;Oranguru;765;90;110;60;normal;psychic;7
0.5;0.5;1;1;2;1;1;2;1;1;1;1;1;1;2;0.5;1;1;Nagetukesaruナゲツケサル;Passimian;766;40;60;80;fighting;;7
1;1;1;2;1;0.5;1;2;1;1;0.5;0.5;1;1;1;2;0.5;0.5;Kosokumushiコソクムシ;Wimpod;767;20;30;80;bug;water;7
1;1;1;2;1;0.5;1;2;1;1;0.5;0.5;1;1;1;2;0.5;0.5;Gusokumushaグソクムシャ;Golisopod;768;60;90;40;bug;water;7
0.5;2;1;0;1;0;1;1;2;2;1;2;0;0.25;1;0.5;1;2;Sunabaスナバァ;Sandygast;769;70;45;15;ghost;ground;7
0.5;2;1;0;1;0;1;1;2;2;1;2;0;0.25;1;0.5;1;2;Sirodethnaシロデスナ;Palossand;770;100;75;35;ghost;ground;7
1;1;1;2;1;1;0.5;1;1;2;1;0.5;1;1;1;1;0.5;0.5;Namakobushiナマコブシ;Pyukumuku;771;30;130;5;water;;7
1;1;1;1;1;2;1;1;0;1;1;1;1;1;1;1;1;1;Type: Nullタイプ：ヌル;Type: Null;772;95;95;59;normal;;7
1;1;1;1;1;2;1;1;0;1;1;1;1;1;1;1;1;1;Silvadyシルヴァディ;Silvally;773;95;95;95;normal;;7
0.5;1;1;2;1;1;0.5;0.5;1;1;0;2;0.5;0.5;1;2;2;2;Metenoメテノ;Minior;774;100;60;120;rock;flying;7
1;1;1;1;1;2;1;1;0;1;1;1;1;1;1;1;1;1;Nekkoaraネッコアラ;Komala;775;75;95;65;normal;;7
0.5;1;2;0.5;1;1;0.25;1;1;0.25;2;1;1;1;1;2;0.5;1;Bakugamesバクガメス;Turtonator;776;91;85;36;fire;dragon;7
0.5;1;0.5;0.5;0.5;2;2;0.25;1;0.5;4;0.5;0.5;0;0.5;0.5;0.25;1;Togedemaruトゲデマル;Togedemaru;777;40;73;96;electric;steel;7
0.25;1;0;1;1;0;1;1;2;1;1;1;0;1;1;1;2;1;Mimikkyuミミッキュ;Mimikyu;778;50;105;96;ghost;fairy;7
2;2;1;2;1;0.5;0.5;1;2;2;1;0.5;1;1;0.5;1;0.5;0.5;Hagigishiriハギギシリ;Bruxish;779;70;70;92;water;psychic;7
1;1;2;0.5;2;2;0.5;1;0;0.5;1;2;1;1;1;1;1;0.5;Jijilongジジーロン;Drampa;780;135;91;36;normal;dragon;7
1;2;1;0.5;1;0;2;2;2;0.5;0.5;2;0;1;1;1;1;0.5;Dadarinダダリン;Dhelmise;781;86;90;40;ghost;grass;7
1;1;2;0.5;2;1;0.5;1;1;0.5;1;2;1;1;1;1;1;0.5;Jyarakoジャラコ;Jangmo-o;782;45;45;45;dragon;;7
0.5;0.5;2;0.5;4;1;0.5;2;1;0.5;1;2;1;1;2;0.5;1;0.5;Jyarangoジャランゴ;Hakamo-o;783;65;70;65;dragon;fighting;7
0.5;0.5;2;0.5;4;1;0.5;2;1;0.5;1;2;1;1;2;0.5;1;0.5;Jyararangaジャラランガ;Kommo-o;784;100;105;85;dragon;fighting;7
0.5;0.5;0;0.5;1;0.5;1;0.5;1;1;2;1;1;2;1;1;1;1;Kapu-kokekoカプ・コケコ;Tapu Koko;785;95;75;130;electric;fairy;7
1;1;0;1;1;0.25;1;1;2;1;1;1;1;2;0.5;1;2;1;Kapu-tetefuカプ・テテフ;Tapu Lele;786;130;115;95;psychic;fairy;7
1;0.5;0;0.5;1;0.5;2;2;1;0.5;0.5;2;1;4;1;1;2;0.5;Kapu-bululカプ・ブルル;Tapu Bulu;787;85;95;75;grass;fairy;7
0.5;0.5;0;2;1;0.5;0.5;1;1;2;1;0.5;1;2;1;1;1;0.5;Kapu-rehireカプ・レヒレ;Tapu Fini;788;95;130;85;water;fairy;7
2;2;1;1;1;0.5;1;1;2;1;1;1;1;1;0.5;1;1;1;Cosmogコスモッグ;Cosmog;789;29;31;37;psychic;;7
2;2;1;1;1;0.5;1;1;2;1;1;1;1;1;0.5;1;1;1;Cosmovumコスモウム;Cosmoem;790;29;131;37;psychic;;7
1;2;0.5;1;0.5;1;2;0.5;2;0.5;2;0.5;0.5;0;0.25;0.5;0.5;1;Solgaleoソルガレオ;Solgaleo;791;113;89;97;psychic;steel;7
1;4;1;1;1;0;1;1;4;1;1;1;0;0.5;0.5;1;1;1;Lunalaルナアーラ;Lunala;792;137;107;97;psychic;ghost;7
0.5;1;1;1;0.5;1;0.5;0.5;1;1;4;1;0.5;0.25;2;1;2;2;Uturoidウツロイド;Nihilego;793;127;131;103;rock;poison;7
0.5;0.5;1;1;2;0.5;2;4;1;0.5;0.5;1;1;1;2;1;1;1;Massivoonマッシブーン;Buzzwole;794;53;53;79;bug;fighting;7
0.5;0.5;1;1;2;0.5;2;4;1;0.5;0.5;1;1;1;2;1;1;1;Pheroacheフェローチェ;Pheromosa;795;137;37;151;bug;fighting;7
1;1;1;0.5;1;1;1;0.5;1;1;2;1;1;1;1;1;0.5;1;Denjyumokuデンジュモク;Xurkitree;796;173;71;83;electric;;7
0.25;1;0.5;2;0.5;1;2;0.5;1;0.25;0;1;0.5;0;0.5;1;0.5;1;Tekkaguyaテッカグヤ;Celesteela;797;107;101;61;steel;flying;7
1;1;0.5;0.5;0.5;2;4;1;1;0.25;1;1;0.5;0;0.5;0.5;0.5;0.5;Kamiturugiカミツルギ;Kartana;798;59;31;109;grass;steel;7
2;0.5;2;0.5;4;2;0.5;1;0.5;0.5;1;2;1;1;0;1;1;0.5;Akuzikingアクジキング;Guzzlord;799;97;53;43;dark;dragon;7
2;2;1;1;1;0.5;1;1;2;1;1;1;1;1;0.5;1;1;1;Necrozmaネクロズマ;Necrozma;800;127;89;79;psychic;;7
0.25;0.5;0;1;0.5;1;2;0.5;1;0.5;2;0.5;0.5;0;0.5;0.5;1;1;Magearnaマギアナ;Magearna;801;130;115;65;steel;fairy;7